Value.ElapsedTime,Value.PatientID,Value.PourHeight,Value.Time,Value.ToolData,Value.ToolEnded,Value.TrialID,Value.Type,Value.x,Value.y,Value.z,Value.Score,Value.TimeTask
0,Default,1.289999962,7/29/2022 15:54,,FALSE,92704cd1-8079-490a-ac1e-0bb1ed03fbef,EverydayTaskConfig,,,,,
1,,,7/29/2022 15:54,EverydayTaskData,,,LeftControllerPosition,-0.295256793,-0.298251152,0.399148762,,
1,,,7/29/2022 15:54,EverydayTaskData,,,RightControllerPosition,0.212894782,-0.312509716,0.393782556,,
109,,,7/29/2022 15:54,EverydayTaskData,,,LeftControllerPosition,-0.295104504,-0.29820013,0.398861915,,
109,,,7/29/2022 15:54,EverydayTaskData,,,RightControllerPosition,0.212748587,-0.312716514,0.393259734,,
191,,,7/29/2022 15:54,EverydayTaskData,,,LeftControllerPosition,-0.294948161,-0.298038572,0.398587435,,
191,,,7/29/2022 15:54,EverydayTaskData,,,RightControllerPosition,0.217616528,-0.308754236,0.398377329,,
272,,,7/29/2022 15:54,EverydayTaskData,,,LeftControllerPosition,-0.294835329,-0.297992021,0.398546249,,
272,,,7/29/2022 15:54,EverydayTaskData,,,RightControllerPosition,0.225143433,-0.301424056,0.405288428,,
355,,,7/29/2022 15:54,EverydayTaskData,,,LeftControllerPosition,-0.294717044,-0.297878087,0.398428112,,
355,,,7/29/2022 15:54,EverydayTaskData,,,RightControllerPosition,0.24348478,-0.283242285,0.415466726,,
438,,,7/29/2022 15:54,EverydayTaskData,,,LeftControllerPosition,-0.294707566,-0.297833145,0.398640037,,
438,,,7/29/2022 15:54,EverydayTaskData,,,RightControllerPosition,0.262480944,-0.277920127,0.418496102,,
521,,,7/29/2022 15:54,EverydayTaskData,,,LeftControllerPosition,-0.298445344,-0.295223117,0.397589862,,
521,,,7/29/2022 15:54,EverydayTaskData,,,RightControllerPosition,0.263469815,-0.314272851,0.427767903,,
605,,,7/29/2022 15:54,EverydayTaskData,,,LeftControllerPosition,-0.304855347,-0.29238081,0.395662189,,
605,,,7/29/2022 15:54,EverydayTaskData,,,RightControllerPosition,0.262431592,-0.290276498,0.415816158,,
689,,,7/29/2022 15:54,EverydayTaskData,,,LeftControllerPosition,-0.312786162,-0.289236367,0.393503338,,
689,,,7/29/2022 15:54,EverydayTaskData,,,RightControllerPosition,0.252267092,-0.298537731,0.411447555,,
771,,,7/29/2022 15:54,EverydayTaskData,,,LeftControllerPosition,-0.316212863,-0.286559612,0.391459703,,
771,,,7/29/2022 15:54,EverydayTaskData,,,RightControllerPosition,0.252442569,-0.29362306,0.40619275,,
856,,,7/29/2022 15:54,EverydayTaskData,,,LeftControllerPosition,-0.317181319,-0.288368315,0.392464578,,
856,,,7/29/2022 15:54,EverydayTaskData,,,RightControllerPosition,0.25065726,-0.297274023,0.405930787,,
939,,,7/29/2022 15:54,EverydayTaskData,,,LeftControllerPosition,-0.324226648,-0.288109094,0.390963107,,
939,,,7/29/2022 15:54,EverydayTaskData,,,RightControllerPosition,0.249730587,-0.300147206,0.40812394,,
1036,,,7/29/2022 15:54,EverydayTaskData,,,LeftControllerPosition,-0.32684347,-0.291689873,0.395649493,,
1036,,,7/29/2022 15:54,EverydayTaskData,,,RightControllerPosition,0.254155934,-0.298259914,0.40710324,,
1105,,,7/29/2022 15:54,EverydayTaskData,,,LeftControllerPosition,-0.322785735,-0.295139551,0.40174067,,
1105,,,7/29/2022 15:54,EverydayTaskData,,,RightControllerPosition,0.255836427,-0.298715085,0.404055476,,
1178,,,7/29/2022 15:54,EverydayTaskData,,,LeftControllerPosition,-0.317002028,-0.298826516,0.405374944,,
1178,,,7/29/2022 15:54,EverydayTaskData,,,RightControllerPosition,0.251182139,-0.300743252,0.400356859,,
1273,,,7/29/2022 15:54,EverydayTaskData,,,LeftControllerPosition,-0.318791419,-0.293554634,0.392010599,,
1273,,,7/29/2022 15:54,EverydayTaskData,,,RightControllerPosition,0.252705187,-0.300090492,0.402051687,,
1356,,,7/29/2022 15:54,EverydayTaskData,,,LeftControllerPosition,-0.310529113,-0.287461638,0.377734244,,
1356,,,7/29/2022 15:54,EverydayTaskData,,,RightControllerPosition,0.258372575,-0.298321366,0.403937131,,
1422,,,7/29/2022 15:54,EverydayTaskData,,,LeftControllerPosition,-0.304356456,-0.285877496,0.374535441,,
1422,,,7/29/2022 15:54,EverydayTaskData,,,RightControllerPosition,0.259763092,-0.298632681,0.405034304,,
1523,,,7/29/2022 15:54,EverydayTaskData,,,LeftControllerPosition,-0.316662312,-0.284828097,0.37817955,,
1523,,,7/29/2022 15:54,EverydayTaskData,,,RightControllerPosition,0.259144336,-0.299095184,0.40593347,,
1607,,,7/29/2022 15:54,EverydayTaskData,,,LeftControllerPosition,-0.32273981,-0.285133928,0.375660539,,
1607,,,7/29/2022 15:54,EverydayTaskData,,,RightControllerPosition,0.259420991,-0.299227536,0.406103671,,
1673,,,7/29/2022 15:54,EverydayTaskData,,,LeftControllerPosition,-0.324101239,-0.281085938,0.372406811,,
1673,,,7/29/2022 15:54,EverydayTaskData,,,RightControllerPosition,0.264158368,-0.298891842,0.407757103,,
1757,,,7/29/2022 15:54,EverydayTaskData,,,LeftControllerPosition,-0.321718931,-0.280909747,0.375760466,,
1757,,,7/29/2022 15:54,EverydayTaskData,,,RightControllerPosition,0.263524473,-0.299453884,0.408644736,,
1840,,,7/29/2022 15:54,EverydayTaskData,,,LeftControllerPosition,-0.316988051,-0.28158623,0.379099995,,
1840,,,7/29/2022 15:54,EverydayTaskData,,,RightControllerPosition,0.259850144,-0.300354004,0.407206297,,
1924,,,7/29/2022 15:54,EverydayTaskData,,,LeftControllerPosition,-0.31185779,-0.282809615,0.378526956,,
1924,,,7/29/2022 15:54,EverydayTaskData,,,RightControllerPosition,0.260390103,-0.29996109,0.406090319,,
2007,,,7/29/2022 15:54,EverydayTaskData,,,LeftControllerPosition,-0.309122235,-0.286412328,0.376619875,,
2007,,,7/29/2022 15:54,EverydayTaskData,,,RightControllerPosition,0.259951919,-0.299321979,0.403463632,,
2091,,,7/29/2022 15:54,EverydayTaskData,,,LeftControllerPosition,-0.312231809,-0.285569698,0.375225335,,
2091,,,7/29/2022 15:54,EverydayTaskData,,,RightControllerPosition,0.26106894,-0.299756885,0.40489313,,
2174,,,7/29/2022 15:54,EverydayTaskData,,,LeftControllerPosition,-0.311894089,-0.285817564,0.374417007,,
2174,,,7/29/2022 15:54,EverydayTaskData,,,RightControllerPosition,0.259243757,-0.301297605,0.406361312,,
2262,,,7/29/2022 15:54,EverydayTaskData,,,LeftControllerPosition,-0.305185258,-0.28823778,0.372734368,,
2262,,,7/29/2022 15:54,EverydayTaskData,,,RightControllerPosition,0.261594087,-0.300789595,0.407043636,,
2341,,,7/29/2022 15:54,EverydayTaskData,,,LeftControllerPosition,-0.29842487,-0.298070043,0.376529276,,
2341,,,7/29/2022 15:54,EverydayTaskData,,,RightControllerPosition,0.264580846,-0.300811976,0.408387691,,
2429,,,7/29/2022 15:54,EverydayTaskData,,,LeftControllerPosition,-0.296900332,-0.294728458,0.378185064,,
2429,,,7/29/2022 15:54,EverydayTaskData,,,RightControllerPosition,0.267624289,-0.300401151,0.411256105,,
2512,,,7/29/2022 15:54,EverydayTaskData,,,LeftControllerPosition,-0.298356116,-0.295452029,0.381042629,,
2512,,,7/29/2022 15:54,EverydayTaskData,,,RightControllerPosition,0.270951897,-0.300359398,0.414138526,,
2597,,,7/29/2022 15:54,EverydayTaskData,,,LeftControllerPosition,-0.301471025,-0.293899387,0.381815732,,
2597,,,7/29/2022 15:54,EverydayTaskData,,,RightControllerPosition,0.271968782,-0.299930513,0.413224846,,
2680,,,7/29/2022 15:54,EverydayTaskData,,,LeftControllerPosition,-0.304997206,-0.2899203,0.378792942,,
2680,,,7/29/2022 15:54,EverydayTaskData,,,RightControllerPosition,0.272975683,-0.299513668,0.412704557,,
2763,,,7/29/2022 15:54,EverydayTaskData,,,LeftControllerPosition,-0.308708668,-0.284848809,0.375891924,,
2763,,,7/29/2022 15:54,EverydayTaskData,,,RightControllerPosition,0.273369491,-0.299242407,0.412297219,,
2847,,,7/29/2022 15:54,EverydayTaskData,,,LeftControllerPosition,-0.306985527,-0.285808444,0.376844168,,
2847,,,7/29/2022 15:54,EverydayTaskData,,,RightControllerPosition,0.272557974,-0.299206465,0.411652476,,
2919,,,7/29/2022 15:54,EverydayTaskData,,,LeftControllerPosition,-0.306172132,-0.286044329,0.377240479,,
2919,,,7/29/2022 15:54,EverydayTaskData,,,RightControllerPosition,0.272294581,-0.299320549,0.411632836,,
3004,,,7/29/2022 15:54,EverydayTaskData,,,LeftControllerPosition,-0.306198239,-0.286454558,0.377951562,,
3004,,,7/29/2022 15:54,EverydayTaskData,,,RightControllerPosition,0.272189379,-0.299359113,0.411595315,,
3104,,,7/29/2022 15:55,EverydayTaskData,,,LeftControllerPosition,-0.307422549,-0.285641015,0.37909919,,
3104,,,7/29/2022 15:55,EverydayTaskData,,,RightControllerPosition,0.269959062,-0.299972087,0.410935104,,
3216,,,7/29/2022 15:55,EverydayTaskData,,,LeftControllerPosition,-0.310850024,-0.283651859,0.37982899,,
3216,,,7/29/2022 15:55,EverydayTaskData,,,RightControllerPosition,0.238965183,-0.280216873,0.392160296,,
3283,,,7/29/2022 15:55,EverydayTaskData,,,LeftControllerPosition,-0.311902195,-0.283780158,0.382594377,,
3283,,,7/29/2022 15:55,EverydayTaskData,,,RightControllerPosition,0.124206431,-0.223285526,0.351509422,,
3344,,,7/29/2022 15:55,EverydayTaskData,,,LeftControllerPosition,-0.311652333,-0.28431955,0.38266629,,
3344,,,7/29/2022 15:55,EverydayTaskData,,,RightControllerPosition,0.068785436,-0.199556366,0.341186672,,
3441,,,7/29/2022 15:55,EverydayTaskData,,,LeftControllerPosition,-0.313482016,-0.283429176,0.378847182,,
3441,,,7/29/2022 15:55,EverydayTaskData,,,RightControllerPosition,0.009028447,-0.175686404,0.341682732,,
3512,,,7/29/2022 15:55,EverydayTaskData,,,LeftControllerPosition,-0.313131183,-0.2838974,0.375548691,,
3512,,,7/29/2022 15:55,EverydayTaskData,,,RightControllerPosition,-0.036720935,-0.166583255,0.357806295,,
3596,,,7/29/2022 15:55,EverydayTaskData,,,LeftControllerPosition,-0.314295799,-0.283879012,0.377122074,,
3596,,,7/29/2022 15:55,EverydayTaskData,,,RightControllerPosition,-0.059753411,-0.172664836,0.387174666,,
3688,,,7/29/2022 15:55,EverydayTaskData,,,LeftControllerPosition,-0.315828621,-0.283884287,0.378817856,,
3688,,,7/29/2022 15:55,EverydayTaskData,,,RightControllerPosition,-0.088714868,-0.187164128,0.429046839,,
3785,,,7/29/2022 15:55,EverydayTaskData,,,LeftControllerPosition,-0.316935778,-0.283866435,0.38001141,,
3785,,,7/29/2022 15:55,EverydayTaskData,,,RightControllerPosition,-0.099599533,-0.19494985,0.446158707,,
3856,,,7/29/2022 15:55,EverydayTaskData,,,LeftControllerPosition,-0.316278696,-0.284031719,0.380525321,,
3856,,,7/29/2022 15:55,EverydayTaskData,,,RightControllerPosition,-0.110720478,-0.199174672,0.458188713,,
3943,,,7/29/2022 15:55,EverydayTaskData,,,LeftControllerPosition,-0.314418644,-0.284474641,0.381387681,,
3943,,,7/29/2022 15:55,EverydayTaskData,,,RightControllerPosition,-0.125455827,-0.206242397,0.467482269,,
4029,,,7/29/2022 15:55,EverydayTaskData,,,LeftControllerPosition,-0.314238667,-0.284555018,0.381678253,,
4029,,,7/29/2022 15:55,EverydayTaskData,,,RightControllerPosition,-0.139340907,-0.212584049,0.477932721,,
4123,,,7/29/2022 15:55,EverydayTaskData,,,LeftControllerPosition,-0.31436044,-0.284434408,0.381733716,,
4123,,,7/29/2022 15:55,EverydayTaskData,,,RightControllerPosition,-0.155700877,-0.211038858,0.48444733,,
4195,,,7/29/2022 15:55,EverydayTaskData,,,LeftControllerPosition,-0.314169049,-0.284465879,0.381791383,,
4195,,,7/29/2022 15:55,EverydayTaskData,,,RightControllerPosition,-0.16230762,-0.211539343,0.486411363,,
4290,,,7/29/2022 15:55,EverydayTaskData,,,LeftControllerPosition,-0.314218879,-0.284451038,0.381715447,,
4290,,,7/29/2022 15:55,EverydayTaskData,,,RightControllerPosition,-0.174243525,-0.214744046,0.484689623,,
4389,,,7/29/2022 15:55,EverydayTaskData,,,LeftControllerPosition,-0.314144343,-0.284359038,0.381576598,,
4389,,,7/29/2022 15:55,EverydayTaskData,,,RightControllerPosition,-0.181856483,-0.217482448,0.47662878,,
4460,,,7/29/2022 15:55,EverydayTaskData,,,LeftControllerPosition,-0.313832402,-0.284325778,0.381508559,,
4460,,,7/29/2022 15:55,EverydayTaskData,,,RightControllerPosition,-0.188327953,-0.219125316,0.47091499,,
4540,,,7/29/2022 15:55,EverydayTaskData,,,LeftControllerPosition,-0.31315577,-0.28445828,0.381121606,,
4540,,,7/29/2022 15:55,EverydayTaskData,,,RightControllerPosition,-0.194546163,-0.223781481,0.469422698,,
4639,,,7/29/2022 15:55,EverydayTaskData,,,LeftControllerPosition,-0.313199431,-0.284369975,0.380895942,,
4639,,,7/29/2022 15:55,EverydayTaskData,,,RightControllerPosition,-0.19459635,-0.223844588,0.473442018,,
4714,,,7/29/2022 15:55,EverydayTaskData,,,LeftControllerPosition,-0.313204259,-0.284283191,0.380962908,,
4714,,,7/29/2022 15:55,EverydayTaskData,,,RightControllerPosition,-0.195036337,-0.22562319,0.475835949,,
4805,,,7/29/2022 15:55,EverydayTaskData,,,LeftControllerPosition,-0.313294679,-0.284181982,0.380949199,,
4805,,,7/29/2022 15:55,EverydayTaskData,,,RightControllerPosition,-0.193747312,-0.231376901,0.479547143,,
4879,,,7/29/2022 15:55,EverydayTaskData,,,LeftControllerPosition,-0.313234568,-0.284107983,0.380917907,,
4879,,,7/29/2022 15:55,EverydayTaskData,,,RightControllerPosition,-0.192296743,-0.233949259,0.481911957,,
4972,,,7/29/2022 15:55,EverydayTaskData,,,LeftControllerPosition,-0.313278377,-0.283987403,0.380673647,,
4972,,,7/29/2022 15:55,EverydayTaskData,,,RightControllerPosition,-0.191432759,-0.233282521,0.481500179,,
5080,,,7/29/2022 15:55,EverydayTaskData,,,LeftControllerPosition,-0.31347391,-0.284037024,0.380750716,,
5080,,,7/29/2022 15:55,EverydayTaskData,,,RightControllerPosition,-0.189914733,-0.23286593,0.482570469,,
5162,,,7/29/2022 15:55,EverydayTaskData,,,LeftControllerPosition,-0.313513368,-0.284062684,0.380710244,,
5162,,,7/29/2022 15:55,EverydayTaskData,,,RightControllerPosition,-0.188918531,-0.231814757,0.482868671,,
5231,,,7/29/2022 15:55,EverydayTaskData,,,LeftControllerPosition,-0.313516408,-0.283918113,0.380730867,,
5231,,,7/29/2022 15:55,EverydayTaskData,,,RightControllerPosition,-0.188234836,-0.230633169,0.483101368,,
5312,,,7/29/2022 15:55,EverydayTaskData,,,LeftControllerPosition,-0.314000487,-0.283742398,0.380688399,,
5312,,,7/29/2022 15:55,EverydayTaskData,,,RightControllerPosition,-0.187165529,-0.227982044,0.482107252,,
5390,,,7/29/2022 15:55,EverydayTaskData,,,LeftControllerPosition,-0.314645797,-0.283576012,0.380720109,,
5390,,,7/29/2022 15:55,EverydayTaskData,,,RightControllerPosition,-0.185069382,-0.225534141,0.479952425,,
5480,,,7/29/2022 15:55,EverydayTaskData,,,LeftControllerPosition,-0.31550768,-0.283499986,0.380874753,,
5480,,,7/29/2022 15:55,EverydayTaskData,,,RightControllerPosition,-0.180773199,-0.221630678,0.476448148,,
5562,,,7/29/2022 15:55,EverydayTaskData,,,LeftControllerPosition,-0.315951824,-0.283537716,0.380748719,,
5562,,,7/29/2022 15:55,EverydayTaskData,,,RightControllerPosition,-0.175128683,-0.216303691,0.473405421,,
5639,,,7/29/2022 15:55,EverydayTaskData,,,LeftControllerPosition,-0.316223025,-0.283561826,0.380617797,,
5639,,,7/29/2022 15:55,EverydayTaskData,,,RightControllerPosition,-0.170662776,-0.212622449,0.471984237,,
5732,,,7/29/2022 15:55,EverydayTaskData,,,LeftControllerPosition,-0.317797154,-0.283588201,0.380697876,,
5732,,,7/29/2022 15:55,EverydayTaskData,,,RightControllerPosition,-0.161851749,-0.205062658,0.468960732,,
5813,,,7/29/2022 15:55,EverydayTaskData,,,LeftControllerPosition,-0.320063204,-0.283375829,0.381021231,,
5813,,,7/29/2022 15:55,EverydayTaskData,,,RightControllerPosition,-0.155074343,-0.199732542,0.467450768,,
5894,,,7/29/2022 15:55,EverydayTaskData,,,LeftControllerPosition,-0.320255131,-0.283460766,0.380979747,,
5894,,,7/29/2022 15:55,EverydayTaskData,,,RightControllerPosition,-0.148286596,-0.194386676,0.466026247,,
5977,,,7/29/2022 15:55,EverydayTaskData,,,LeftControllerPosition,-0.319902688,-0.283568859,0.380882293,,
5977,,,7/29/2022 15:55,EverydayTaskData,,,RightControllerPosition,-0.141098931,-0.189406559,0.465435296,,
6033,,,7/29/2022 15:55,EverydayTaskData,,,LeftControllerPosition,-0.319636136,-0.283620954,0.380821586,,
6033,,,7/29/2022 15:55,EverydayTaskData,,,RightControllerPosition,-0.136343941,-0.185986459,0.464944005,,
6131,,,7/29/2022 15:55,EverydayTaskData,,,LeftControllerPosition,-0.319724262,-0.283547103,0.380875856,,
6131,,,7/29/2022 15:55,EverydayTaskData,,,RightControllerPosition,-0.128438428,-0.180081934,0.46564427,,
6221,,,7/29/2022 15:55,EverydayTaskData,,,LeftControllerPosition,-0.319094002,-0.283788085,0.380800426,,
6221,,,7/29/2022 15:55,EverydayTaskData,,,RightControllerPosition,-0.12204212,-0.173437342,0.465581954,,
6306,,,7/29/2022 15:55,EverydayTaskData,,,LeftControllerPosition,-0.318858504,-0.283923,0.380802244,,
6306,,,7/29/2022 15:55,EverydayTaskData,,,RightControllerPosition,-0.117981583,-0.168490887,0.46433419,,
6381,,,7/29/2022 15:55,EverydayTaskData,,,LeftControllerPosition,-0.318924218,-0.283909053,0.380886644,,
6381,,,7/29/2022 15:55,EverydayTaskData,,,RightControllerPosition,-0.111673146,-0.160481274,0.463504881,,
6492,,,7/29/2022 15:55,EverydayTaskData,,,LeftControllerPosition,-0.318866938,-0.283841938,0.380947441,,
6492,,,7/29/2022 15:55,EverydayTaskData,,,RightControllerPosition,-0.103131734,-0.148658931,0.463050604,,
6556,,,7/29/2022 15:55,EverydayTaskData,,,LeftControllerPosition,-0.319268793,-0.283769935,0.380913109,,
6556,,,7/29/2022 15:55,EverydayTaskData,,,RightControllerPosition,-0.099190116,-0.143914133,0.462204367,,
6645,,,7/29/2022 15:55,EverydayTaskData,,,LeftControllerPosition,-0.319797605,-0.283657134,0.380840451,,
6645,,,7/29/2022 15:55,EverydayTaskData,,,RightControllerPosition,-0.091868244,-0.137155518,0.461081743,,
6706,,,7/29/2022 15:55,EverydayTaskData,,,LeftControllerPosition,-0.319595844,-0.283818901,0.380769432,,
6706,,,7/29/2022 15:55,EverydayTaskData,,,RightControllerPosition,-0.088975333,-0.133997962,0.460214376,,
6799,,,7/29/2022 15:55,EverydayTaskData,,,LeftControllerPosition,-0.319680572,-0.283911705,0.380786061,,
6799,,,7/29/2022 15:55,EverydayTaskData,,,RightControllerPosition,-0.084845386,-0.128702909,0.45918259,,
6890,,,7/29/2022 15:55,EverydayTaskData,,,LeftControllerPosition,-0.319804817,-0.284135669,0.380604804,,
6890,,,7/29/2022 15:55,EverydayTaskData,,,RightControllerPosition,-0.079471394,-0.119484439,0.456987232,,
6959,,,7/29/2022 15:55,EverydayTaskData,,,LeftControllerPosition,-0.320066363,-0.284510165,0.380525768,,
6959,,,7/29/2022 15:55,EverydayTaskData,,,RightControllerPosition,-0.076816469,-0.113240175,0.455483675,,
7041,,,7/29/2022 15:55,EverydayTaskData,,,LeftControllerPosition,-0.320468605,-0.284891397,0.380840898,,
7041,,,7/29/2022 15:55,EverydayTaskData,,,RightControllerPosition,-0.073743433,-0.105163686,0.45344314,,
7123,,,7/29/2022 15:55,EverydayTaskData,,,LeftControllerPosition,-0.32047537,-0.285367787,0.381221682,,
7123,,,7/29/2022 15:55,EverydayTaskData,,,RightControllerPosition,-0.071730994,-0.099717505,0.451573968,,
7212,,,7/29/2022 15:55,EverydayTaskData,,,LeftControllerPosition,-0.320919842,-0.285589129,0.381709516,,
7212,,,7/29/2022 15:55,EverydayTaskData,,,RightControllerPosition,-0.068235546,-0.092929639,0.44999665,,
7301,,,7/29/2022 15:55,EverydayTaskData,,,LeftControllerPosition,-0.320754617,-0.285846621,0.381964624,,
7301,,,7/29/2022 15:55,EverydayTaskData,,,RightControllerPosition,-0.065068893,-0.087523527,0.44855693,,
7372,,,7/29/2022 15:55,EverydayTaskData,,,LeftControllerPosition,-0.320762664,-0.286015391,0.382141232,,
7372,,,7/29/2022 15:55,EverydayTaskData,,,RightControllerPosition,-0.062371336,-0.083009578,0.446874291,,
7461,,,7/29/2022 15:55,EverydayTaskData,,,LeftControllerPosition,-0.320614308,-0.286053598,0.382171541,,
7461,,,7/29/2022 15:55,EverydayTaskData,,,RightControllerPosition,-0.059800338,-0.07930775,0.445630074,,
7548,,,7/29/2022 15:55,EverydayTaskData,,,LeftControllerPosition,-0.320613891,-0.286089629,0.382171273,,
7548,,,7/29/2022 15:55,EverydayTaskData,,,RightControllerPosition,-0.055365127,-0.073856071,0.444010794,,
7631,,,7/29/2022 15:55,EverydayTaskData,,,LeftControllerPosition,-0.320716918,-0.286130071,0.382121265,,
7631,,,7/29/2022 15:55,EverydayTaskData,,,RightControllerPosition,-0.051781394,-0.069295764,0.442712843,,
7701,,,7/29/2022 15:55,EverydayTaskData,,,LeftControllerPosition,-0.32058689,-0.286198527,0.382024705,,
7701,,,7/29/2022 15:55,EverydayTaskData,,,RightControllerPosition,-0.048516318,-0.065203942,0.441843778,,
7789,,,7/29/2022 15:55,EverydayTaskData,,,LeftControllerPosition,-0.32043159,-0.286206096,0.38202101,,
7789,,,7/29/2022 15:55,EverydayTaskData,,,RightControllerPosition,-0.044397913,-0.061336793,0.441480398,,
7901,,,7/29/2022 15:55,EverydayTaskData,,,LeftControllerPosition,-0.320026249,-0.286222577,0.382128984,,
7901,,,7/29/2022 15:55,EverydayTaskData,,,RightControllerPosition,-0.040390354,-0.057151053,0.440711051,,
7955,,,7/29/2022 15:55,EverydayTaskData,,,LeftControllerPosition,-0.31990692,-0.28619799,0.382055819,,
7955,,,7/29/2022 15:55,EverydayTaskData,,,RightControllerPosition,-0.038359448,-0.054762088,0.440099627,,
8059,,,7/29/2022 15:55,EverydayTaskData,,,LeftControllerPosition,-0.319892943,-0.28613019,0.382003933,,
8059,,,7/29/2022 15:55,EverydayTaskData,,,RightControllerPosition,-0.035135105,-0.050923839,0.439240128,,
8131,,,7/29/2022 15:55,EverydayTaskData,,,LeftControllerPosition,-0.319669932,-0.286164075,0.382092059,,
8131,,,7/29/2022 15:55,EverydayTaskData,,,RightControllerPosition,-0.03263459,-0.047643412,0.439047486,,
8218,,,7/29/2022 15:55,EverydayTaskData,,,LeftControllerPosition,-0.319680989,-0.286302865,0.382159293,,
8218,,,7/29/2022 15:55,EverydayTaskData,,,RightControllerPosition,-0.029195078,-0.043707326,0.439327627,,
8289,,,7/29/2022 15:55,EverydayTaskData,,,LeftControllerPosition,-0.31973812,-0.286254287,0.382044196,,
8289,,,7/29/2022 15:55,EverydayTaskData,,,RightControllerPosition,-0.026431909,-0.040612381,0.439326942,,
8371,,,7/29/2022 15:55,EverydayTaskData,,,LeftControllerPosition,-0.319710821,-0.286232203,0.382251471,,
8371,,,7/29/2022 15:55,EverydayTaskData,,,RightControllerPosition,-0.02150766,-0.035801221,0.439525813,,
8454,,,7/29/2022 15:55,EverydayTaskData,,,LeftControllerPosition,-0.319787592,-0.286128998,0.38223955,,
8454,,,7/29/2022 15:55,EverydayTaskData,,,RightControllerPosition,-0.016820505,-0.031673633,0.43980962,,
8537,,,7/29/2022 15:55,EverydayTaskData,,,LeftControllerPosition,-0.319517016,-0.286100358,0.382216483,,
8537,,,7/29/2022 15:55,EverydayTaskData,,,RightControllerPosition,-0.012598204,-0.028273143,0.439814657,,
8624,,,7/29/2022 15:55,EverydayTaskData,,,LeftControllerPosition,-0.319590777,-0.286112517,0.382152945,,
8624,,,7/29/2022 15:55,EverydayTaskData,,,RightControllerPosition,-0.007577079,-0.025198951,0.439549118,,
8709,,,7/29/2022 15:55,EverydayTaskData,,,LeftControllerPosition,-0.319618642,-0.286194891,0.382080466,,
8709,,,7/29/2022 15:55,EverydayTaskData,,,RightControllerPosition,-0.000903875,-0.020800015,0.43954128,,
8791,,,7/29/2022 15:55,EverydayTaskData,,,LeftControllerPosition,-0.319580853,-0.286257356,0.382092446,,
8791,,,7/29/2022 15:55,EverydayTaskData,,,RightControllerPosition,0.004570784,-0.016271487,0.438890815,,
8885,,,7/29/2022 15:55,EverydayTaskData,,,LeftControllerPosition,-0.319468349,-0.286172181,0.382072717,,
8885,,,7/29/2022 15:55,EverydayTaskData,,,RightControllerPosition,0.010879423,-0.010911393,0.438035935,,
8967,,,7/29/2022 15:55,EverydayTaskData,,,LeftControllerPosition,-0.319290578,-0.28609252,0.381933302,,
8967,,,7/29/2022 15:55,EverydayTaskData,,,RightControllerPosition,0.016308669,-0.006195004,0.437257111,,
9031,,,7/29/2022 15:55,EverydayTaskData,,,LeftControllerPosition,-0.319346517,-0.285978645,0.381909668,,
9031,,,7/29/2022 15:55,EverydayTaskData,,,RightControllerPosition,0.020096015,-0.003308533,0.436552227,,
9125,,,7/29/2022 15:55,EverydayTaskData,,,LeftControllerPosition,-0.319107622,-0.285931081,0.382022291,,
9125,,,7/29/2022 15:55,EverydayTaskData,,,RightControllerPosition,0.02673669,-5.70E-05,0.436483294,,
9224,,,7/29/2022 15:55,EverydayTaskData,,,LeftControllerPosition,-0.319029212,-0.285923034,0.382160634,,
9224,,,7/29/2022 15:55,EverydayTaskData,,,RightControllerPosition,0.033873983,0.003814646,0.435395449,,
9292,,,7/29/2022 15:55,EverydayTaskData,,,LeftControllerPosition,-0.318840384,-0.286015242,0.382192105,,
9292,,,7/29/2022 15:55,EverydayTaskData,,,RightControllerPosition,0.038730934,0.006270035,0.434801757,,
9388,,,7/29/2022 15:55,EverydayTaskData,,,LeftControllerPosition,-0.318834335,-0.286074966,0.382379562,,
9388,,,7/29/2022 15:55,EverydayTaskData,,,RightControllerPosition,0.045985028,0.010002587,0.433592588,,
9476,,,7/29/2022 15:55,EverydayTaskData,,,LeftControllerPosition,-0.3183375,-0.286081761,0.381936252,,
9476,,,7/29/2022 15:55,EverydayTaskData,,,RightControllerPosition,0.05222768,0.012301522,0.43277052,,
9604,,,7/29/2022 15:55,EverydayTaskData,,,LeftControllerPosition,-0.318009526,-0.286351919,0.38167578,,
9604,,,7/29/2022 15:55,EverydayTaskData,,,RightControllerPosition,0.061530113,0.015908893,0.431531966,,
9691,,,7/29/2022 15:55,EverydayTaskData,,,LeftControllerPosition,-0.318017781,-0.286426783,0.381566137,,
9691,,,7/29/2022 15:55,EverydayTaskData,,,RightControllerPosition,0.072240621,0.019945253,0.430369198,,
9819,,,7/29/2022 15:55,EverydayTaskData,,,LeftControllerPosition,-0.31783548,-0.286609888,0.381639868,,
9819,,,7/29/2022 15:55,EverydayTaskData,,,RightControllerPosition,0.082337081,0.024314759,0.428558826,,
9920,,,7/29/2022 15:55,EverydayTaskData,,,LeftControllerPosition,-0.317652524,-0.286736131,0.381684631,,
9920,,,7/29/2022 15:55,EverydayTaskData,,,RightControllerPosition,0.090278797,0.028107073,0.426368445,,
10009,,,7/29/2022 15:55,EverydayTaskData,,,LeftControllerPosition,-0.317718863,-0.286854237,0.381776661,,
10009,,,7/29/2022 15:55,EverydayTaskData,,,RightControllerPosition,0.096085981,0.030636201,0.42489022,,
10098,,,7/29/2022 15:55,EverydayTaskData,,,LeftControllerPosition,-0.317748636,-0.286719114,0.381635815,,
10098,,,7/29/2022 15:55,EverydayTaskData,,,RightControllerPosition,0.103398636,0.033444542,0.422843367,,
10190,,,7/29/2022 15:55,EverydayTaskData,,,LeftControllerPosition,-0.317771971,-0.286688775,0.381546825,,
10190,,,7/29/2022 15:55,EverydayTaskData,,,RightControllerPosition,0.110302992,0.035654865,0.420956016,,
10281,,,7/29/2022 15:55,EverydayTaskData,,,LeftControllerPosition,-0.31777364,-0.286698818,0.381406397,,
10281,,,7/29/2022 15:55,EverydayTaskData,,,RightControllerPosition,0.118855037,0.038517036,0.418777615,,
10372,,,7/29/2022 15:55,EverydayTaskData,,,LeftControllerPosition,-0.31768167,-0.286692917,0.381219268,,
10372,,,7/29/2022 15:55,EverydayTaskData,,,RightControllerPosition,0.125519827,0.040352035,0.416934371,,
10458,,,7/29/2022 15:55,EverydayTaskData,,,LeftControllerPosition,-0.317471087,-0.286821038,0.381174356,,
10458,,,7/29/2022 15:55,EverydayTaskData,,,RightControllerPosition,0.132383659,0.042690847,0.41490835,,
10551,,,7/29/2022 15:55,EverydayTaskData,,,LeftControllerPosition,-0.317211896,-0.286888719,0.380951464,,
10551,,,7/29/2022 15:55,EverydayTaskData,,,RightControllerPosition,0.140669078,0.043919008,0.413276553,,
10631,,,7/29/2022 15:55,EverydayTaskData,,,LeftControllerPosition,-0.317169249,-0.286839128,0.380862951,,
10631,,,7/29/2022 15:55,EverydayTaskData,,,RightControllerPosition,0.147304982,0.044022359,0.412291825,,
10717,,,7/29/2022 15:55,EverydayTaskData,,,LeftControllerPosition,-0.316911817,-0.286777794,0.380782276,,
10717,,,7/29/2022 15:55,EverydayTaskData,,,RightControllerPosition,0.15327327,0.044323508,0.411357909,,
10815,,,7/29/2022 15:55,EverydayTaskData,,,LeftControllerPosition,-0.316718251,-0.286709368,0.380752116,,
10815,,,7/29/2022 15:55,EverydayTaskData,,,RightControllerPosition,0.160688519,0.044480756,0.410992652,,
10883,,,7/29/2022 15:55,EverydayTaskData,,,LeftControllerPosition,-0.316479921,-0.286674768,0.380609244,,
10883,,,7/29/2022 15:55,EverydayTaskData,,,RightControllerPosition,0.162709415,0.044393823,0.411150366,,
11018,,,7/29/2022 15:55,EverydayTaskData,,,LeftControllerPosition,-0.316446662,-0.28661561,0.380413353,,
11018,,,7/29/2022 15:55,EverydayTaskData,,,RightControllerPosition,0.171431184,0.043093789,0.412492663,,
11110,,,7/29/2022 15:55,EverydayTaskData,,,LeftControllerPosition,-0.316444308,-0.286580026,0.380268842,,
11110,,,7/29/2022 15:55,EverydayTaskData,,,RightControllerPosition,0.176763609,0.041205578,0.414029717,,
11198,,,7/29/2022 15:55,EverydayTaskData,,,LeftControllerPosition,-0.316367209,-0.286552459,0.380194187,,
11198,,,7/29/2022 15:55,EverydayTaskData,,,RightControllerPosition,0.182316944,0.03891927,0.4156093,,
11279,,,7/29/2022 15:55,EverydayTaskData,,,LeftControllerPosition,-0.316153854,-0.286563903,0.380088359,,
11279,,,7/29/2022 15:55,EverydayTaskData,,,RightControllerPosition,0.187443525,0.037131146,0.416682363,,
11372,,,7/29/2022 15:55,EverydayTaskData,,,LeftControllerPosition,-0.315797687,-0.28666687,0.380102307,,
11372,,,7/29/2022 15:55,EverydayTaskData,,,RightControllerPosition,0.192888647,0.035388768,0.41755718,,
11463,,,7/29/2022 15:55,EverydayTaskData,,,LeftControllerPosition,-0.315767318,-0.286727816,0.380220175,,
11463,,,7/29/2022 15:55,EverydayTaskData,,,RightControllerPosition,0.197834343,0.033486851,0.419150174,,
11546,,,7/29/2022 15:55,EverydayTaskData,,,LeftControllerPosition,-0.315443277,-0.286950678,0.38009575,,
11546,,,7/29/2022 15:55,EverydayTaskData,,,RightControllerPosition,0.202147454,0.031641487,0.420512795,,
11646,,,7/29/2022 15:55,EverydayTaskData,,,LeftControllerPosition,-0.31512773,-0.287185758,0.380141556,,
11646,,,7/29/2022 15:55,EverydayTaskData,,,RightControllerPosition,0.205911711,0.029203504,0.422773451,,
11745,,,7/29/2022 15:55,EverydayTaskData,,,LeftControllerPosition,-0.314990461,-0.287402302,0.380080014,,
11745,,,7/29/2022 15:55,EverydayTaskData,,,RightControllerPosition,0.209688663,0.026810709,0.426230758,,
11836,,,7/29/2022 15:55,EverydayTaskData,,,LeftControllerPosition,-0.314969122,-0.287491769,0.380115658,,
11836,,,7/29/2022 15:55,EverydayTaskData,,,RightControllerPosition,0.211531639,0.024667878,0.428138644,,
11933,,,7/29/2022 15:55,EverydayTaskData,,,LeftControllerPosition,-0.315086246,-0.287636846,0.380341291,,
11933,,,7/29/2022 15:55,EverydayTaskData,,,RightControllerPosition,0.214048937,0.022461774,0.430090606,,
12031,,,7/29/2022 15:55,EverydayTaskData,,,LeftControllerPosition,-0.315073669,-0.28769806,0.380721956,,
12031,,,7/29/2022 15:55,EverydayTaskData,,,RightControllerPosition,0.217140466,0.020761684,0.43200323,,
12114,,,7/29/2022 15:55,EverydayTaskData,,,LeftControllerPosition,-0.31483084,-0.28768754,0.38078177,,
12114,,,7/29/2022 15:55,EverydayTaskData,,,RightControllerPosition,0.218902886,0.018583784,0.433550358,,
12206,,,7/29/2022 15:55,EverydayTaskData,,,LeftControllerPosition,-0.314620167,-0.287644386,0.380655318,,
12206,,,7/29/2022 15:55,EverydayTaskData,,,RightControllerPosition,0.219760016,0.017252479,0.434099793,,
12296,,,7/29/2022 15:55,EverydayTaskData,,,LeftControllerPosition,-0.314384013,-0.287808895,0.380276114,,
12296,,,7/29/2022 15:55,EverydayTaskData,,,RightControllerPosition,0.220388189,0.015863612,0.434586823,,
12361,,,7/29/2022 15:55,EverydayTaskData,,,LeftControllerPosition,-0.314375728,-0.287833154,0.380187303,,
12361,,,7/29/2022 15:55,EverydayTaskData,,,RightControllerPosition,0.220808521,0.01567631,0.434998453,,
12466,,,7/29/2022 15:55,EverydayTaskData,,,LeftControllerPosition,-0.314473718,-0.28775093,0.379917592,,
12466,,,7/29/2022 15:55,EverydayTaskData,,,RightControllerPosition,0.223302558,0.013040274,0.436786413,,
12563,,,7/29/2022 15:55,EverydayTaskData,,,LeftControllerPosition,-0.314570129,-0.287763357,0.379870385,,
12563,,,7/29/2022 15:55,EverydayTaskData,,,RightControllerPosition,0.225122601,0.011057316,0.437411577,,
12632,,,7/29/2022 15:55,EverydayTaskData,,,LeftControllerPosition,-0.314631909,-0.287799388,0.379839867,,
12632,,,7/29/2022 15:55,EverydayTaskData,,,RightControllerPosition,0.225459248,0.009891067,0.437330931,,
12746,,,7/29/2022 15:55,EverydayTaskData,,,LeftControllerPosition,-0.314368039,-0.287705034,0.37990436,,
12746,,,7/29/2022 15:55,EverydayTaskData,,,RightControllerPosition,0.227214828,0.009823446,0.435861886,,
12837,,,7/29/2022 15:55,EverydayTaskData,,,LeftControllerPosition,-0.314297527,-0.287662417,0.380072862,,
12837,,,7/29/2022 15:55,EverydayTaskData,,,RightControllerPosition,0.227896914,0.009437276,0.435352921,,
12900,,,7/29/2022 15:55,EverydayTaskData,,,LeftControllerPosition,-0.314168125,-0.287689447,0.380081922,,
12900,,,7/29/2022 15:55,EverydayTaskData,,,RightControllerPosition,0.227883071,0.00950362,0.434606969,,
12995,,,7/29/2022 15:55,EverydayTaskData,,,LeftControllerPosition,-0.314138263,-0.287778825,0.380179584,,
12995,,,7/29/2022 15:55,EverydayTaskData,,,RightControllerPosition,0.228919685,0.008685083,0.434114486,,
13089,,,7/29/2022 15:55,EverydayTaskData,,,LeftControllerPosition,-0.314247459,-0.287770897,0.380250186,,
13089,,,7/29/2022 15:55,EverydayTaskData,,,RightControllerPosition,0.22950466,0.008328369,0.434160858,,
13172,,,7/29/2022 15:55,EverydayTaskData,,,LeftControllerPosition,-0.314134032,-0.2878353,0.380201906,,
13172,,,7/29/2022 15:55,EverydayTaskData,,,RightControllerPosition,0.230720639,0.008296233,0.43373245,,
13256,,,7/29/2022 15:55,EverydayTaskData,,,LeftControllerPosition,-0.314096391,-0.287868112,0.38016367,,
13256,,,7/29/2022 15:55,EverydayTaskData,,,RightControllerPosition,0.230298772,0.007541136,0.433034003,,
13359,,,7/29/2022 15:55,EverydayTaskData,,,LeftControllerPosition,-0.314065337,-0.287872314,0.380061805,,
13359,,,7/29/2022 15:55,EverydayTaskData,,,RightControllerPosition,0.229567051,0.011593782,0.431958139,,
13438,,,7/29/2022 15:55,EverydayTaskData,,,LeftControllerPosition,-0.313989669,-0.28790924,0.379968911,,
13438,,,7/29/2022 15:55,EverydayTaskData,,,RightControllerPosition,0.229278848,0.01371132,0.431426972,,
13516,,,7/29/2022 15:55,EverydayTaskData,,,LeftControllerPosition,-0.314025372,-0.287890315,0.380014718,,
13516,,,7/29/2022 15:55,EverydayTaskData,,,RightControllerPosition,0.229778752,0.014696665,0.431190789,,
13608,,,7/29/2022 15:55,EverydayTaskData,,,LeftControllerPosition,-0.313803256,-0.287845731,0.379889935,,
13608,,,7/29/2022 15:55,EverydayTaskData,,,RightControllerPosition,0.230077296,0.015628949,0.431423992,,
13677,,,7/29/2022 15:55,EverydayTaskData,,,LeftControllerPosition,-0.313719243,-0.287772685,0.379684895,,
13677,,,7/29/2022 15:55,EverydayTaskData,,,RightControllerPosition,0.230411261,0.015995435,0.431976318,,
13764,,,7/29/2022 15:55,EverydayTaskData,,,LeftControllerPosition,-0.313416898,-0.287808686,0.379421264,,
13764,,,7/29/2022 15:55,EverydayTaskData,,,RightControllerPosition,0.23097074,0.016598098,0.432193995,,
13844,,,7/29/2022 15:55,EverydayTaskData,,,LeftControllerPosition,-0.313388586,-0.287829429,0.379395962,,
13844,,,7/29/2022 15:55,EverydayTaskData,,,RightControllerPosition,0.231717825,0.01594249,0.432531536,,
13933,,,7/29/2022 15:55,EverydayTaskData,,,LeftControllerPosition,-0.313473403,-0.287769616,0.379421711,,
13933,,,7/29/2022 15:55,EverydayTaskData,,,RightControllerPosition,0.232720375,0.016221991,0.433404714,,
14021,,,7/29/2022 15:55,EverydayTaskData,,,LeftControllerPosition,-0.313513309,-0.287690133,0.379251391,,
14021,,,7/29/2022 15:55,EverydayTaskData,,,RightControllerPosition,0.234789222,0.015087903,0.434211463,,
14096,,,7/29/2022 15:55,EverydayTaskData,,,LeftControllerPosition,-0.31348139,-0.287700742,0.379305899,,
14096,,,7/29/2022 15:55,EverydayTaskData,,,RightControllerPosition,0.235985458,0.015676098,0.434765488,,
14181,,,7/29/2022 15:55,EverydayTaskData,,,LeftControllerPosition,-0.313439339,-0.287656248,0.379356682,,
14181,,,7/29/2022 15:55,EverydayTaskData,,,RightControllerPosition,0.240130678,0.01814945,0.435955375,,
14271,,,7/29/2022 15:55,EverydayTaskData,,,LeftControllerPosition,-0.313531876,-0.287683517,0.379470259,,
14271,,,7/29/2022 15:55,EverydayTaskData,,,RightControllerPosition,0.243067831,0.018797956,0.436835647,,
14382,,,7/29/2022 15:55,EverydayTaskData,,,LeftControllerPosition,-0.313531458,-0.28768456,0.379469782,,
14382,,,7/29/2022 15:55,EverydayTaskData,,,RightControllerPosition,0.243796438,0.018023523,0.437263846,,
14474,,,7/29/2022 15:55,EverydayTaskData,,,LeftControllerPosition,-0.313685417,-0.287728757,0.379611969,,
14474,,,7/29/2022 15:55,EverydayTaskData,,,RightControllerPosition,0.246325493,0.019355547,0.438186318,,
14549,,,7/29/2022 15:55,EverydayTaskData,,,LeftControllerPosition,-0.313613445,-0.287664294,0.379484355,,
14549,,,7/29/2022 15:55,EverydayTaskData,,,RightControllerPosition,0.245745316,0.018838009,0.438089311,,
14629,,,7/29/2022 15:55,EverydayTaskData,,,LeftControllerPosition,-0.313639909,-0.287529051,0.37942329,,
14629,,,7/29/2022 15:55,EverydayTaskData,,,RightControllerPosition,0.24388811,0.020942677,0.438479453,,
14719,,,7/29/2022 15:55,EverydayTaskData,,,LeftControllerPosition,-0.314030468,-0.287362814,0.379562736,,
14719,,,7/29/2022 15:55,EverydayTaskData,,,RightControllerPosition,0.244344294,0.019825198,0.438720673,,
14814,,,7/29/2022 15:55,EverydayTaskData,,,LeftControllerPosition,-0.313968509,-0.287452728,0.379521996,,
14814,,,7/29/2022 15:55,EverydayTaskData,,,RightControllerPosition,0.243248805,0.020960227,0.438862592,,
14884,,,7/29/2022 15:55,EverydayTaskData,,,LeftControllerPosition,-0.314002842,-0.287544131,0.379565269,,
14884,,,7/29/2022 15:55,EverydayTaskData,,,RightControllerPosition,0.242341474,0.021248478,0.439284354,,
14956,,,7/29/2022 15:55,EverydayTaskData,,,LeftControllerPosition,-0.314026296,-0.287628621,0.379637182,,
14956,,,7/29/2022 15:55,EverydayTaskData,,,RightControllerPosition,0.241665766,0.021114759,0.439557254,,
15048,,,7/29/2022 15:55,EverydayTaskData,,,LeftControllerPosition,-0.314065397,-0.287751794,0.379693419,,
15048,,,7/29/2022 15:55,EverydayTaskData,,,RightControllerPosition,0.238681227,0.020875795,0.44042325,,
15154,,,7/29/2022 15:55,EverydayTaskData,,,LeftControllerPosition,-0.31395486,-0.287784159,0.379608065,,
15154,,,7/29/2022 15:55,EverydayTaskData,,,RightControllerPosition,0.238629892,0.02090407,0.441192627,,
15256,,,7/29/2022 15:55,EverydayTaskData,,,LeftControllerPosition,-0.314041108,-0.287816793,0.379727036,,
15256,,,7/29/2022 15:55,EverydayTaskData,,,RightControllerPosition,0.234339625,0.018351357,0.444059014,,
15335,,,7/29/2022 15:55,EverydayTaskData,,,LeftControllerPosition,-0.314382821,-0.287836224,0.380010515,,
15335,,,7/29/2022 15:55,EverydayTaskData,,,RightControllerPosition,0.233465105,0.018048873,0.446142554,,
15413,,,7/29/2022 15:55,EverydayTaskData,,,LeftControllerPosition,-0.314357042,-0.287868202,0.380036891,,
15413,,,7/29/2022 15:55,EverydayTaskData,,,RightControllerPosition,0.230894282,0.017817281,0.447998017,,
15498,,,7/29/2022 15:55,EverydayTaskData,,,LeftControllerPosition,-0.314558238,-0.287922293,0.380237997,,
15498,,,7/29/2022 15:55,EverydayTaskData,,,RightControllerPosition,0.229311183,0.018081129,0.450072885,,
15576,,,7/29/2022 15:55,EverydayTaskData,,,LeftControllerPosition,-0.314748317,-0.287909508,0.380208999,,
15576,,,7/29/2022 15:55,EverydayTaskData,,,RightControllerPosition,0.228055283,0.017892845,0.451710522,,
15680,,,7/29/2022 15:55,EverydayTaskData,,,LeftControllerPosition,-0.314769,-0.287951291,0.380157173,,
15680,,,7/29/2022 15:55,EverydayTaskData,,,RightControllerPosition,0.223855451,0.017956993,0.454145163,,
15766,,,7/29/2022 15:55,EverydayTaskData,,,LeftControllerPosition,-0.314596474,-0.287968844,0.380088091,,
15766,,,7/29/2022 15:55,EverydayTaskData,,,RightControllerPosition,0.220837682,0.016674357,0.455037147,,
15867,,,7/29/2022 15:55,EverydayTaskData,,,LeftControllerPosition,-0.314729154,-0.287886351,0.379852235,,
15867,,,7/29/2022 15:55,EverydayTaskData,,,RightControllerPosition,0.216898337,0.014217204,0.455933958,,
15967,,,7/29/2022 15:55,EverydayTaskData,,,LeftControllerPosition,-0.31471771,-0.287887186,0.37975964,,
15967,,,7/29/2022 15:55,EverydayTaskData,,,RightControllerPosition,0.212992072,0.012939353,0.456665039,,
16020,,,7/29/2022 15:55,EverydayTaskData,,,LeftControllerPosition,-0.314677209,-0.287890553,0.379679859,,
16020,,,7/29/2022 15:55,EverydayTaskData,,,RightControllerPosition,0.210480899,0.012141688,0.457029283,,
16107,,,7/29/2022 15:55,EverydayTaskData,,,LeftControllerPosition,-0.314643741,-0.287833124,0.379830867,,
16107,,,7/29/2022 15:55,EverydayTaskData,,,RightControllerPosition,0.20555605,0.009621739,0.457406402,,
16142,,,7/29/2022 15:55,,,,EverydayTaskData,,,,95.88%,11.56666183
16147,Default,1.289999962,7/29/2022 15:55,,TRUE,92704cd1-8079-490a-ac1e-0bb1ed03fbef,EverydayTaskConfig,,,,,
0,Default,1.289999962,7/29/2022 16:01,,FALSE,92704cd1-8079-490a-ac1e-0bb1ed03fbef,EverydayTaskConfig,,,,,
0,,,7/29/2022 16:01,EverydayTaskData,,,LeftControllerPosition,-0.303293884,-0.285260707,0.39551264,,
0,,,7/29/2022 16:01,EverydayTaskData,,,RightControllerPosition,0.158449873,-0.316251397,0.394788176,,
82,,,7/29/2022 16:01,EverydayTaskData,,,LeftControllerPosition,-0.303552598,-0.284966677,0.395403981,,
82,,,7/29/2022 16:01,EverydayTaskData,,,RightControllerPosition,0.158429191,-0.315672249,0.393905699,,
163,,,7/29/2022 16:01,EverydayTaskData,,,LeftControllerPosition,-0.304072767,-0.284442574,0.395417422,,
163,,,7/29/2022 16:01,EverydayTaskData,,,RightControllerPosition,0.160944462,-0.311519653,0.394322753,,
246,,,7/29/2022 16:01,EverydayTaskData,,,LeftControllerPosition,-0.305457622,-0.280717939,0.39492774,,
246,,,7/29/2022 16:01,EverydayTaskData,,,RightControllerPosition,0.169177815,-0.300093532,0.398654252,,
330,,,7/29/2022 16:01,EverydayTaskData,,,LeftControllerPosition,-0.310228854,-0.276502401,0.394354463,,
330,,,7/29/2022 16:01,EverydayTaskData,,,RightControllerPosition,0.174456716,-0.291672051,0.396775067,,
413,,,7/29/2022 16:01,EverydayTaskData,,,LeftControllerPosition,-0.316065311,-0.279312402,0.395411193,,
413,,,7/29/2022 16:01,EverydayTaskData,,,RightControllerPosition,0.179952428,-0.287672848,0.399004579,,
497,,,7/29/2022 16:01,EverydayTaskData,,,LeftControllerPosition,-0.327484101,-0.282432884,0.396705866,,
497,,,7/29/2022 16:01,EverydayTaskData,,,RightControllerPosition,0.164616451,-0.278940856,0.388268799,,
581,,,7/29/2022 16:01,EverydayTaskData,,,LeftControllerPosition,-0.333246797,-0.286029309,0.397164345,,
581,,,7/29/2022 16:01,EverydayTaskData,,,RightControllerPosition,0.109149002,-0.252374262,0.364537686,,
665,,,7/29/2022 16:01,EverydayTaskData,,,LeftControllerPosition,-0.332577586,-0.28948915,0.399683326,,
665,,,7/29/2022 16:01,EverydayTaskData,,,RightControllerPosition,0.050919656,-0.230331704,0.351508319,,
747,,,7/29/2022 16:01,EverydayTaskData,,,LeftControllerPosition,-0.332060814,-0.287770957,0.398396581,,
747,,,7/29/2022 16:01,EverydayTaskData,,,RightControllerPosition,-0.00189423,-0.216105103,0.348930478,,
831,,,7/29/2022 16:01,EverydayTaskData,,,LeftControllerPosition,-0.334312826,-0.287311196,0.398031294,,
831,,,7/29/2022 16:01,EverydayTaskData,,,RightControllerPosition,-0.042664897,-0.209928468,0.36923641,,
898,,,7/29/2022 16:01,EverydayTaskData,,,LeftControllerPosition,-0.3385005,-0.28652066,0.398523271,,
898,,,7/29/2022 16:01,EverydayTaskData,,,RightControllerPosition,-0.066224478,-0.212934032,0.3896887,,
999,,,7/29/2022 16:01,EverydayTaskData,,,LeftControllerPosition,-0.344410062,-0.286343187,0.400592297,,
999,,,7/29/2022 16:01,EverydayTaskData,,,RightControllerPosition,-0.089026392,-0.217214182,0.417902648,,
1065,,,7/29/2022 16:01,EverydayTaskData,,,LeftControllerPosition,-0.347044289,-0.285730362,0.400816739,,
1065,,,7/29/2022 16:01,EverydayTaskData,,,RightControllerPosition,-0.098965995,-0.218522415,0.433411449,,
1148,,,7/29/2022 16:01,EverydayTaskData,,,LeftControllerPosition,-0.345463932,-0.285819411,0.400239825,,
1148,,,7/29/2022 16:01,EverydayTaskData,,,RightControllerPosition,-0.111665919,-0.218463659,0.444424778,,
1231,,,7/29/2022 16:01,EverydayTaskData,,,LeftControllerPosition,-0.345442086,-0.285782367,0.400214761,,
1231,,,7/29/2022 16:01,EverydayTaskData,,,RightControllerPosition,-0.120748356,-0.218750045,0.454666853,,
1314,,,7/29/2022 16:01,EverydayTaskData,,,LeftControllerPosition,-0.344374746,-0.286155373,0.401052892,,
1314,,,7/29/2022 16:01,EverydayTaskData,,,RightControllerPosition,-0.130539596,-0.218975469,0.460578859,,
1398,,,7/29/2022 16:01,EverydayTaskData,,,LeftControllerPosition,-0.343220353,-0.286141574,0.401461691,,
1398,,,7/29/2022 16:01,EverydayTaskData,,,RightControllerPosition,-0.138879716,-0.218387812,0.466940552,,
1481,,,7/29/2022 16:01,EverydayTaskData,,,LeftControllerPosition,-0.342178851,-0.286321372,0.401678085,,
1481,,,7/29/2022 16:01,EverydayTaskData,,,RightControllerPosition,-0.148827434,-0.218072414,0.473481834,,
1564,,,7/29/2022 16:01,EverydayTaskData,,,LeftControllerPosition,-0.342345923,-0.28609702,0.401029795,,
1564,,,7/29/2022 16:01,EverydayTaskData,,,RightControllerPosition,-0.158795401,-0.215064377,0.476873904,,
1655,,,7/29/2022 16:01,EverydayTaskData,,,LeftControllerPosition,-0.342144519,-0.28606385,0.401054353,,
1655,,,7/29/2022 16:01,EverydayTaskData,,,RightControllerPosition,-0.168939173,-0.214810848,0.479931146,,
1731,,,7/29/2022 16:01,EverydayTaskData,,,LeftControllerPosition,-0.341593891,-0.285970002,0.400868297,,
1731,,,7/29/2022 16:01,EverydayTaskData,,,RightControllerPosition,-0.180327371,-0.218302846,0.483354717,,
1834,,,7/29/2022 16:01,EverydayTaskData,,,LeftControllerPosition,-0.341581583,-0.285826117,0.400272548,,
1834,,,7/29/2022 16:01,EverydayTaskData,,,RightControllerPosition,-0.189449504,-0.220561296,0.484231204,,
1939,,,7/29/2022 16:01,EverydayTaskData,,,LeftControllerPosition,-0.340943009,-0.285839677,0.399804443,,
1939,,,7/29/2022 16:01,EverydayTaskData,,,RightControllerPosition,-0.196642593,-0.220677927,0.482725203,,
2011,,,7/29/2022 16:01,EverydayTaskData,,,LeftControllerPosition,-0.340928972,-0.285742909,0.399590164,,
2011,,,7/29/2022 16:01,EverydayTaskData,,,RightControllerPosition,-0.199149519,-0.221626103,0.482664257,,
2074,,,7/29/2022 16:01,EverydayTaskData,,,LeftControllerPosition,-0.341350198,-0.285542667,0.398963928,,
2074,,,7/29/2022 16:01,EverydayTaskData,,,RightControllerPosition,-0.200392798,-0.221819416,0.481493026,,
2164,,,7/29/2022 16:01,EverydayTaskData,,,LeftControllerPosition,-0.342531651,-0.285503268,0.398290783,,
2164,,,7/29/2022 16:01,EverydayTaskData,,,RightControllerPosition,-0.19666627,-0.220415816,0.467714727,,
2258,,,7/29/2022 16:01,EverydayTaskData,,,LeftControllerPosition,-0.343437761,-0.285470933,0.398199439,,
2258,,,7/29/2022 16:01,EverydayTaskData,,,RightControllerPosition,-0.17178081,-0.208902523,0.433018118,,
2322,,,7/29/2022 16:01,EverydayTaskData,,,LeftControllerPosition,-0.342846572,-0.285774082,0.398416758,,
2322,,,7/29/2022 16:01,EverydayTaskData,,,RightControllerPosition,-0.147317067,-0.204599723,0.408424884,,
2415,,,7/29/2022 16:01,EverydayTaskData,,,LeftControllerPosition,-0.342219353,-0.286110431,0.39877221,,
2415,,,7/29/2022 16:01,EverydayTaskData,,,RightControllerPosition,-0.099799894,-0.206001878,0.375346541,,
2485,,,7/29/2022 16:01,EverydayTaskData,,,LeftControllerPosition,-0.341293573,-0.286205858,0.400724798,,
2485,,,7/29/2022 16:01,EverydayTaskData,,,RightControllerPosition,-0.059598982,-0.22315748,0.351916194,,
2568,,,7/29/2022 16:01,EverydayTaskData,,,LeftControllerPosition,-0.341123641,-0.285777241,0.399334431,,
2568,,,7/29/2022 16:01,EverydayTaskData,,,RightControllerPosition,-0.021205721,-0.249655843,0.347127736,,
2652,,,7/29/2022 16:01,EverydayTaskData,,,LeftControllerPosition,-0.339567423,-0.282784611,0.394795984,,
2652,,,7/29/2022 16:01,EverydayTaskData,,,RightControllerPosition,0.008139386,-0.265450567,0.340020835,,
2736,,,7/29/2022 16:01,EverydayTaskData,,,LeftControllerPosition,-0.338515013,-0.282317758,0.394944787,,
2736,,,7/29/2022 16:01,EverydayTaskData,,,RightControllerPosition,0.012654665,-0.272224516,0.325416386,,
2820,,,7/29/2022 16:01,EverydayTaskData,,,LeftControllerPosition,-0.334074527,-0.284792781,0.395047486,,
2820,,,7/29/2022 16:01,EverydayTaskData,,,RightControllerPosition,0.00476777,-0.274704605,0.321119666,,
2905,,,7/29/2022 16:01,EverydayTaskData,,,LeftControllerPosition,-0.331178755,-0.28479746,0.393770516,,
2905,,,7/29/2022 16:01,EverydayTaskData,,,RightControllerPosition,-0.007055123,-0.272013873,0.323363394,,
2987,,,7/29/2022 16:01,EverydayTaskData,,,LeftControllerPosition,-0.329712719,-0.28591302,0.394825429,,
2987,,,7/29/2022 16:01,EverydayTaskData,,,RightControllerPosition,-0.023798984,-0.26072982,0.332436293,,
3071,,,7/29/2022 16:01,EverydayTaskData,,,LeftControllerPosition,-0.328579277,-0.286413401,0.394391626,,
3071,,,7/29/2022 16:01,EverydayTaskData,,,RightControllerPosition,-0.037157584,-0.243277654,0.343522519,,
3167,,,7/29/2022 16:01,EverydayTaskData,,,LeftControllerPosition,-0.327980071,-0.286957115,0.394746661,,
3167,,,7/29/2022 16:01,EverydayTaskData,,,RightControllerPosition,-0.052272014,-0.230781138,0.37107113,,
3234,,,7/29/2022 16:01,EverydayTaskData,,,LeftControllerPosition,-0.328133047,-0.287136167,0.394419998,,
3234,,,7/29/2022 16:01,EverydayTaskData,,,RightControllerPosition,-0.064034589,-0.223702267,0.389687568,,
3316,,,7/29/2022 16:01,EverydayTaskData,,,LeftControllerPosition,-0.327826768,-0.287372649,0.393288076,,
3316,,,7/29/2022 16:01,EverydayTaskData,,,RightControllerPosition,-0.08108376,-0.22148338,0.41305238,,
3406,,,7/29/2022 16:01,EverydayTaskData,,,LeftControllerPosition,-0.32777825,-0.287227392,0.392457873,,
3406,,,7/29/2022 16:01,EverydayTaskData,,,RightControllerPosition,-0.094947375,-0.220745951,0.427960306,,
3502,,,7/29/2022 16:01,EverydayTaskData,,,LeftControllerPosition,-0.327557534,-0.287163377,0.392495394,,
3502,,,7/29/2022 16:01,EverydayTaskData,,,RightControllerPosition,-0.108532481,-0.218802646,0.447087377,,
3595,,,7/29/2022 16:01,EverydayTaskData,,,LeftControllerPosition,-0.326901436,-0.287137777,0.392291009,,
3595,,,7/29/2022 16:01,EverydayTaskData,,,RightControllerPosition,-0.119627081,-0.217449099,0.46104306,,
3673,,,7/29/2022 16:01,EverydayTaskData,,,LeftControllerPosition,-0.326650739,-0.287154883,0.392190874,,
3673,,,7/29/2022 16:01,EverydayTaskData,,,RightControllerPosition,-0.125593483,-0.216452047,0.468935728,,
3763,,,7/29/2022 16:01,EverydayTaskData,,,LeftControllerPosition,-0.32654959,-0.286974519,0.392185301,,
3763,,,7/29/2022 16:01,EverydayTaskData,,,RightControllerPosition,-0.135558754,-0.214580432,0.474950492,,
3826,,,7/29/2022 16:01,EverydayTaskData,,,LeftControllerPosition,-0.326090425,-0.28697148,0.392262429,,
3826,,,7/29/2022 16:01,EverydayTaskData,,,RightControllerPosition,-0.140404865,-0.215222806,0.477882802,,
3919,,,7/29/2022 16:01,EverydayTaskData,,,LeftControllerPosition,-0.325371563,-0.28699708,0.392320395,,
3919,,,7/29/2022 16:01,EverydayTaskData,,,RightControllerPosition,-0.148071602,-0.216643959,0.481877387,,
3995,,,7/29/2022 16:01,EverydayTaskData,,,LeftControllerPosition,-0.325224668,-0.286951363,0.392263979,,
3995,,,7/29/2022 16:01,EverydayTaskData,,,RightControllerPosition,-0.151651233,-0.218192548,0.484865844,,
4101,,,7/29/2022 16:01,EverydayTaskData,,,LeftControllerPosition,-0.324536324,-0.287006736,0.392169118,,
4101,,,7/29/2022 16:01,EverydayTaskData,,,RightControllerPosition,-0.157206193,-0.221864685,0.485895902,,
4178,,,7/29/2022 16:01,EverydayTaskData,,,LeftControllerPosition,-0.324426144,-0.286894053,0.391842574,,
4178,,,7/29/2022 16:01,EverydayTaskData,,,RightControllerPosition,-0.163495749,-0.224002957,0.487416506,,
4263,,,7/29/2022 16:01,EverydayTaskData,,,LeftControllerPosition,-0.324333996,-0.286761671,0.391530156,,
4263,,,7/29/2022 16:01,EverydayTaskData,,,RightControllerPosition,-0.165879339,-0.223319575,0.489432275,,
4357,,,7/29/2022 16:01,EverydayTaskData,,,LeftControllerPosition,-0.324384183,-0.286471188,0.391493708,,
4357,,,7/29/2022 16:01,EverydayTaskData,,,RightControllerPosition,-0.170827508,-0.220824525,0.489418536,,
4441,,,7/29/2022 16:01,EverydayTaskData,,,LeftControllerPosition,-0.324574322,-0.285999388,0.391087234,,
4441,,,7/29/2022 16:01,EverydayTaskData,,,RightControllerPosition,-0.172567472,-0.219780803,0.488212228,,
4522,,,7/29/2022 16:01,EverydayTaskData,,,LeftControllerPosition,-0.327572554,-0.2854397,0.389923751,,
4522,,,7/29/2022 16:01,EverydayTaskData,,,RightControllerPosition,-0.153005227,-0.211764559,0.484692335,,
4599,,,7/29/2022 16:01,EverydayTaskData,,,LeftControllerPosition,-0.330023468,-0.284652412,0.388100982,,
4599,,,7/29/2022 16:01,EverydayTaskData,,,RightControllerPosition,-0.105229557,-0.204036698,0.495181441,,
4674,,,7/29/2022 16:01,EverydayTaskData,,,LeftControllerPosition,-0.330207497,-0.284484357,0.389885426,,
4674,,,7/29/2022 16:01,EverydayTaskData,,,RightControllerPosition,-0.027934643,-0.197592303,0.514054418,,
4755,,,7/29/2022 16:01,EverydayTaskData,,,LeftControllerPosition,-0.327569634,-0.284965038,0.390711278,,
4755,,,7/29/2022 16:01,EverydayTaskData,,,RightControllerPosition,0.017942369,-0.188090026,0.516809583,,
4836,,,7/29/2022 16:01,EverydayTaskData,,,LeftControllerPosition,-0.326961726,-0.28529644,0.39061141,,
4836,,,7/29/2022 16:01,EverydayTaskData,,,RightControllerPosition,0.054020278,-0.182679847,0.515789092,,
4898,,,7/29/2022 16:01,EverydayTaskData,,,LeftControllerPosition,-0.327063024,-0.285335571,0.390605539,,
4898,,,7/29/2022 16:01,EverydayTaskData,,,RightControllerPosition,0.069098271,-0.183379188,0.514260888,,
5003,,,7/29/2022 16:01,EverydayTaskData,,,LeftControllerPosition,-0.326471537,-0.285465658,0.390211195,,
5003,,,7/29/2022 16:01,EverydayTaskData,,,RightControllerPosition,0.079807326,-0.185757846,0.51432246,,
5080,,,7/29/2022 16:01,EverydayTaskData,,,LeftControllerPosition,-0.326533616,-0.285370737,0.390000314,,
5080,,,7/29/2022 16:01,EverydayTaskData,,,RightControllerPosition,0.077043615,-0.187123507,0.514404833,,
5178,,,7/29/2022 16:01,EverydayTaskData,,,LeftControllerPosition,-0.324453056,-0.285425901,0.390666842,,
5178,,,7/29/2022 16:01,EverydayTaskData,,,RightControllerPosition,0.056591947,-0.18974489,0.513543487,,
5244,,,7/29/2022 16:01,EverydayTaskData,,,LeftControllerPosition,-0.324088782,-0.285719454,0.39100641,,
5244,,,7/29/2022 16:01,EverydayTaskData,,,RightControllerPosition,0.015671872,-0.189397588,0.510043502,,
5332,,,7/29/2022 16:01,EverydayTaskData,,,LeftControllerPosition,-0.324853688,-0.285438418,0.390868545,,
5332,,,7/29/2022 16:01,EverydayTaskData,,,RightControllerPosition,-0.024212847,-0.191124037,0.509557486,,
5414,,,7/29/2022 16:01,EverydayTaskData,,,LeftControllerPosition,-0.324705392,-0.285531133,0.391018122,,
5414,,,7/29/2022 16:01,EverydayTaskData,,,RightControllerPosition,-0.063206188,-0.196245,0.5080387,,
5501,,,7/29/2022 16:01,EverydayTaskData,,,LeftControllerPosition,-0.325235009,-0.285470754,0.391185015,,
5501,,,7/29/2022 16:01,EverydayTaskData,,,RightControllerPosition,-0.095637225,-0.202774867,0.508073747,,
5564,,,7/29/2022 16:01,EverydayTaskData,,,LeftControllerPosition,-0.325479239,-0.285470188,0.391316831,,
5564,,,7/29/2022 16:01,EverydayTaskData,,,RightControllerPosition,-0.117661446,-0.209008917,0.507818162,,
5703,,,7/29/2022 16:01,EverydayTaskData,,,LeftControllerPosition,-0.325954944,-0.28526476,0.391213983,,
5703,,,7/29/2022 16:01,EverydayTaskData,,,RightControllerPosition,-0.143529221,-0.218783632,0.505402386,,
5774,,,7/29/2022 16:01,EverydayTaskData,,,LeftControllerPosition,-0.326203346,-0.285240918,0.391245872,,
5774,,,7/29/2022 16:01,EverydayTaskData,,,RightControllerPosition,-0.160617888,-0.227678537,0.501476407,,
5867,,,7/29/2022 16:01,EverydayTaskData,,,LeftControllerPosition,-0.325810999,-0.285406709,0.391658455,,
5867,,,7/29/2022 16:01,EverydayTaskData,,,RightControllerPosition,-0.169627324,-0.232686102,0.499673277,,
5962,,,7/29/2022 16:01,EverydayTaskData,,,LeftControllerPosition,-0.325587094,-0.285606951,0.391866863,,
5962,,,7/29/2022 16:01,EverydayTaskData,,,RightControllerPosition,-0.17425485,-0.233463839,0.499362677,,
6040,,,7/29/2022 16:01,EverydayTaskData,,,LeftControllerPosition,-0.325383395,-0.2858091,0.392039269,,
6040,,,7/29/2022 16:01,EverydayTaskData,,,RightControllerPosition,-0.179639027,-0.23346819,0.497873753,,
6135,,,7/29/2022 16:01,EverydayTaskData,,,LeftControllerPosition,-0.325277179,-0.285912663,0.392180651,,
6135,,,7/29/2022 16:01,EverydayTaskData,,,RightControllerPosition,-0.182566434,-0.231831744,0.49587214,,
6212,,,7/29/2022 16:01,EverydayTaskData,,,LeftControllerPosition,-0.325230777,-0.286048591,0.392308354,,
6212,,,7/29/2022 16:01,EverydayTaskData,,,RightControllerPosition,-0.182968408,-0.23024255,0.495278031,,
6287,,,7/29/2022 16:01,EverydayTaskData,,,LeftControllerPosition,-0.325760096,-0.28604573,0.392212838,,
6287,,,7/29/2022 16:01,EverydayTaskData,,,RightControllerPosition,-0.182240605,-0.229286179,0.494433701,,
6369,,,7/29/2022 16:01,EverydayTaskData,,,LeftControllerPosition,-0.32546103,-0.286169231,0.392343879,,
6369,,,7/29/2022 16:01,EverydayTaskData,,,RightControllerPosition,-0.178743228,-0.22692734,0.494361401,,
6464,,,7/29/2022 16:01,EverydayTaskData,,,LeftControllerPosition,-0.325508595,-0.286206752,0.39245069,,
6464,,,7/29/2022 16:01,EverydayTaskData,,,RightControllerPosition,-0.171943188,-0.223111376,0.493564665,,
6526,,,7/29/2022 16:01,EverydayTaskData,,,LeftControllerPosition,-0.325455487,-0.286244065,0.392624944,,
6526,,,7/29/2022 16:01,EverydayTaskData,,,RightControllerPosition,-0.168317586,-0.221172318,0.492663205,,
6661,,,7/29/2022 16:01,EverydayTaskData,,,LeftControllerPosition,-0.325367928,-0.286203682,0.392601967,,
6661,,,7/29/2022 16:01,EverydayTaskData,,,RightControllerPosition,-0.153769448,-0.213959962,0.490172029,,
6743,,,7/29/2022 16:01,EverydayTaskData,,,LeftControllerPosition,-0.325414389,-0.286181569,0.392511547,,
6743,,,7/29/2022 16:01,EverydayTaskData,,,RightControllerPosition,-0.143264413,-0.209532902,0.489196479,,
6824,,,7/29/2022 16:01,EverydayTaskData,,,LeftControllerPosition,-0.325737625,-0.286002785,0.392154992,,
6824,,,7/29/2022 16:01,EverydayTaskData,,,RightControllerPosition,-0.12883617,-0.20475857,0.489461631,,
6891,,,7/29/2022 16:01,EverydayTaskData,,,LeftControllerPosition,-0.32579121,-0.28594923,0.392005712,,
6891,,,7/29/2022 16:01,EverydayTaskData,,,RightControllerPosition,-0.12230438,-0.203246057,0.489868641,,
6995,,,7/29/2022 16:01,EverydayTaskData,,,LeftControllerPosition,-0.325856596,-0.285956025,0.392019421,,
6995,,,7/29/2022 16:01,EverydayTaskData,,,RightControllerPosition,-0.102935039,-0.198034585,0.489390194,,
7093,,,7/29/2022 16:01,EverydayTaskData,,,LeftControllerPosition,-0.326027125,-0.285910606,0.391923636,,
7093,,,7/29/2022 16:01,EverydayTaskData,,,RightControllerPosition,-0.089467652,-0.194591895,0.489413619,,
7153,,,7/29/2022 16:01,EverydayTaskData,,,LeftControllerPosition,-0.326203883,-0.285801947,0.391741157,,
7153,,,7/29/2022 16:01,EverydayTaskData,,,RightControllerPosition,-0.082796842,-0.19209747,0.489216954,,
7259,,,7/29/2022 16:01,EverydayTaskData,,,LeftControllerPosition,-0.326171756,-0.285771936,0.391644329,,
7259,,,7/29/2022 16:01,EverydayTaskData,,,RightControllerPosition,-0.0687204,-0.187427998,0.488446265,,
7349,,,7/29/2022 16:01,EverydayTaskData,,,LeftControllerPosition,-0.326304764,-0.285640001,0.391563743,,
7349,,,7/29/2022 16:01,EverydayTaskData,,,RightControllerPosition,-0.060401294,-0.184850588,0.488097399,,
7435,,,7/29/2022 16:01,EverydayTaskData,,,LeftControllerPosition,-0.326414287,-0.285668254,0.391549408,,
7435,,,7/29/2022 16:01,EverydayTaskData,,,RightControllerPosition,-0.052610781,-0.18249765,0.488047957,,
7508,,,7/29/2022 16:01,EverydayTaskData,,,LeftControllerPosition,-0.326599091,-0.285653502,0.391599774,,
7508,,,7/29/2022 16:01,EverydayTaskData,,,RightControllerPosition,-0.046407599,-0.180279344,0.4880234,,
7599,,,7/29/2022 16:01,EverydayTaskData,,,LeftControllerPosition,-0.326978922,-0.285630941,0.391745239,,
7599,,,7/29/2022 16:01,EverydayTaskData,,,RightControllerPosition,-0.039751269,-0.17843841,0.488794655,,
7679,,,7/29/2022 16:01,EverydayTaskData,,,LeftControllerPosition,-0.326945275,-0.285627663,0.391595513,,
7679,,,7/29/2022 16:01,EverydayTaskData,,,RightControllerPosition,-0.034835909,-0.17670539,0.488963723,,
7772,,,7/29/2022 16:01,EverydayTaskData,,,LeftControllerPosition,-0.326804072,-0.285716414,0.39167583,,
7772,,,7/29/2022 16:01,EverydayTaskData,,,RightControllerPosition,-0.029410709,-0.175038636,0.489516199,,
7855,,,7/29/2022 16:01,EverydayTaskData,,,LeftControllerPosition,-0.327072501,-0.285708427,0.391683251,,
7855,,,7/29/2022 16:01,EverydayTaskData,,,RightControllerPosition,-0.025654675,-0.174112052,0.489865333,,
7921,,,7/29/2022 16:01,EverydayTaskData,,,LeftControllerPosition,-0.327034026,-0.28566274,0.391623318,,
7921,,,7/29/2022 16:01,EverydayTaskData,,,RightControllerPosition,-0.023598853,-0.173808947,0.490190119,,
8025,,,7/29/2022 16:01,EverydayTaskData,,,LeftControllerPosition,-0.327087611,-0.285623193,0.391616136,,
8025,,,7/29/2022 16:01,EverydayTaskData,,,RightControllerPosition,-0.018482765,-0.173115119,0.49082911,,
8106,,,7/29/2022 16:01,EverydayTaskData,,,LeftControllerPosition,-0.327235073,-0.285646588,0.391609401,,
8106,,,7/29/2022 16:01,EverydayTaskData,,,RightControllerPosition,-0.014202937,-0.172511145,0.491439909,,
8187,,,7/29/2022 16:01,EverydayTaskData,,,LeftControllerPosition,-0.327261597,-0.285723567,0.391680062,,
8187,,,7/29/2022 16:01,EverydayTaskData,,,RightControllerPosition,-0.008582195,-0.171981722,0.492418379,,
8281,,,7/29/2022 16:01,EverydayTaskData,,,LeftControllerPosition,-0.327054471,-0.285740346,0.39193812,,
8281,,,7/29/2022 16:01,EverydayTaskData,,,RightControllerPosition,-0.003335405,-0.171581835,0.493267953,,
8377,,,7/29/2022 16:01,EverydayTaskData,,,LeftControllerPosition,-0.326860994,-0.285722673,0.392097443,,
8377,,,7/29/2022 16:01,EverydayTaskData,,,RightControllerPosition,0.000520024,-0.170997024,0.493699372,,
8453,,,7/29/2022 16:01,EverydayTaskData,,,LeftControllerPosition,-0.326839,-0.285746664,0.392183214,,
8453,,,7/29/2022 16:01,EverydayTaskData,,,RightControllerPosition,0.002163141,-0.170920491,0.493712395,,
8532,,,7/29/2022 16:01,EverydayTaskData,,,LeftControllerPosition,-0.32696715,-0.285710901,0.392296255,,
8532,,,7/29/2022 16:01,EverydayTaskData,,,RightControllerPosition,0.003858228,-0.170117214,0.493727028,,
8622,,,7/29/2022 16:01,EverydayTaskData,,,LeftControllerPosition,-0.326899171,-0.28570348,0.392329097,,
8622,,,7/29/2022 16:01,EverydayTaskData,,,RightControllerPosition,0.004421373,-0.169078767,0.493277788,,
8723,,,7/29/2022 16:01,EverydayTaskData,,,LeftControllerPosition,-0.326919079,-0.285704553,0.392263204,,
8723,,,7/29/2022 16:01,EverydayTaskData,,,RightControllerPosition,0.003603883,-0.16739586,0.491862297,,
8802,,,7/29/2022 16:01,EverydayTaskData,,,LeftControllerPosition,-0.326808482,-0.285770297,0.392197043,,
8802,,,7/29/2022 16:01,EverydayTaskData,,,RightControllerPosition,0.001872244,-0.166023806,0.490178287,,
8896,,,7/29/2022 16:01,EverydayTaskData,,,LeftControllerPosition,-0.326793671,-0.2858302,0.392223805,,
8896,,,7/29/2022 16:01,EverydayTaskData,,,RightControllerPosition,-0.001753085,-0.164830044,0.48759535,,
8985,,,7/29/2022 16:01,EverydayTaskData,,,LeftControllerPosition,-0.326741099,-0.285910487,0.392410338,,
8985,,,7/29/2022 16:01,EverydayTaskData,,,RightControllerPosition,-0.009051827,-0.164530456,0.483023822,,
9073,,,7/29/2022 16:01,EverydayTaskData,,,LeftControllerPosition,-0.326893806,-0.285845876,0.392340958,,
9073,,,7/29/2022 16:01,EverydayTaskData,,,RightControllerPosition,-0.014548687,-0.165107861,0.479554713,,
9182,,,7/29/2022 16:01,EverydayTaskData,,,LeftControllerPosition,-0.327005327,-0.286010116,0.392632365,,
9182,,,7/29/2022 16:01,EverydayTaskData,,,RightControllerPosition,-0.019025007,-0.163910076,0.475158721,,
9279,,,7/29/2022 16:01,EverydayTaskData,,,LeftControllerPosition,-0.326659769,-0.286043346,0.392714858,,
9279,,,7/29/2022 16:01,EverydayTaskData,,,RightControllerPosition,-0.022064257,-0.160283476,0.470481932,,
9361,,,7/29/2022 16:01,EverydayTaskData,,,LeftControllerPosition,-0.326631129,-0.286088973,0.392908424,,
9361,,,7/29/2022 16:01,EverydayTaskData,,,RightControllerPosition,-0.023501949,-0.155259475,0.466763914,,
9456,,,7/29/2022 16:01,EverydayTaskData,,,LeftControllerPosition,-0.326379865,-0.286035806,0.392762572,,
9456,,,7/29/2022 16:01,EverydayTaskData,,,RightControllerPosition,-0.024686422,-0.1469616,0.461860687,,
9557,,,7/29/2022 16:01,EverydayTaskData,,,LeftControllerPosition,-0.326387376,-0.285969168,0.392490834,,
9557,,,7/29/2022 16:01,EverydayTaskData,,,RightControllerPosition,-0.025323354,-0.137081444,0.456773996,,
9643,,,7/29/2022 16:01,EverydayTaskData,,,LeftControllerPosition,-0.326370746,-0.285951048,0.39256829,,
9643,,,7/29/2022 16:01,EverydayTaskData,,,RightControllerPosition,-0.026602289,-0.126047656,0.450860053,,
9744,,,7/29/2022 16:01,EverydayTaskData,,,LeftControllerPosition,-0.326483458,-0.285801977,0.392338187,,
9744,,,7/29/2022 16:01,EverydayTaskData,,,RightControllerPosition,-0.026954921,-0.114632793,0.444799691,,
9844,,,7/29/2022 16:01,EverydayTaskData,,,LeftControllerPosition,-0.326323658,-0.285835922,0.392155558,,
9844,,,7/29/2022 16:01,EverydayTaskData,,,RightControllerPosition,-0.025477808,-0.104028806,0.439456075,,
9930,,,7/29/2022 16:01,EverydayTaskData,,,LeftControllerPosition,-0.326415628,-0.285804182,0.392075956,,
9930,,,7/29/2022 16:01,EverydayTaskData,,,RightControllerPosition,-0.021968678,-0.091330677,0.434581757,,
10022,,,7/29/2022 16:01,EverydayTaskData,,,LeftControllerPosition,-0.32636112,-0.28585729,0.391907543,,
10022,,,7/29/2022 16:01,EverydayTaskData,,,RightControllerPosition,-0.01381318,-0.076123416,0.431901842,,
10124,,,7/29/2022 16:01,EverydayTaskData,,,LeftControllerPosition,-0.32644251,-0.286094308,0.391954243,,
10124,,,7/29/2022 16:01,EverydayTaskData,,,RightControllerPosition,-0.005400954,-0.064369537,0.429866374,,
10207,,,7/29/2022 16:01,EverydayTaskData,,,LeftControllerPosition,-0.326339066,-0.286305249,0.392004371,,
10207,,,7/29/2022 16:01,EverydayTaskData,,,RightControllerPosition,0.006369288,-0.054898955,0.430470616,,
10301,,,7/29/2022 16:01,EverydayTaskData,,,LeftControllerPosition,-0.326332986,-0.286429197,0.391934782,,
10301,,,7/29/2022 16:01,EverydayTaskData,,,RightControllerPosition,0.01362057,-0.0461815,0.427467704,,
10402,,,7/29/2022 16:01,EverydayTaskData,,,LeftControllerPosition,-0.326431513,-0.286589265,0.391898364,,
10402,,,7/29/2022 16:01,EverydayTaskData,,,RightControllerPosition,0.020346027,-0.039207123,0.426420301,,
10480,,,7/29/2022 16:01,EverydayTaskData,,,LeftControllerPosition,-0.326473862,-0.286663026,0.391796917,,
10480,,,7/29/2022 16:01,EverydayTaskData,,,RightControllerPosition,0.027052654,-0.030312775,0.425050467,,
10575,,,7/29/2022 16:01,EverydayTaskData,,,LeftControllerPosition,-0.32677567,-0.286614716,0.39178735,,
10575,,,7/29/2022 16:01,EverydayTaskData,,,RightControllerPosition,0.031604417,-0.022554958,0.423236847,,
10641,,,7/29/2022 16:01,EverydayTaskData,,,LeftControllerPosition,-0.326806843,-0.286590368,0.391786695,,
10641,,,7/29/2022 16:01,EverydayTaskData,,,RightControllerPosition,0.033447798,-0.021075405,0.423333168,,
10756,,,7/29/2022 16:01,EverydayTaskData,,,LeftControllerPosition,-0.326816976,-0.286590248,0.391463429,,
10756,,,7/29/2022 16:01,EverydayTaskData,,,RightControllerPosition,0.044821795,-0.010605503,0.421309739,,
10843,,,7/29/2022 16:01,EverydayTaskData,,,LeftControllerPosition,-0.326376975,-0.28674829,0.391527206,,
10843,,,7/29/2022 16:01,EverydayTaskData,,,RightControllerPosition,0.049932159,-0.005042575,0.419582069,,
10939,,,7/29/2022 16:01,EverydayTaskData,,,LeftControllerPosition,-0.32621935,-0.286743462,0.391402334,,
10939,,,7/29/2022 16:01,EverydayTaskData,,,RightControllerPosition,0.05523536,0.000525483,0.41818437,,
11021,,,7/29/2022 16:01,EverydayTaskData,,,LeftControllerPosition,-0.326066315,-0.286647588,0.391138285,,
11021,,,7/29/2022 16:01,EverydayTaskData,,,RightControllerPosition,0.059659876,0.005455203,0.416113764,,
11111,,,7/29/2022 16:01,EverydayTaskData,,,LeftControllerPosition,-0.325883478,-0.286592335,0.390940726,,
11111,,,7/29/2022 16:01,EverydayTaskData,,,RightControllerPosition,0.067117013,0.011426217,0.414208233,,
11208,,,7/29/2022 16:01,EverydayTaskData,,,LeftControllerPosition,-0.325963318,-0.286698371,0.390910685,,
11208,,,7/29/2022 16:01,EverydayTaskData,,,RightControllerPosition,0.075533025,0.015966501,0.41353932,,
11292,,,7/29/2022 16:01,EverydayTaskData,,,LeftControllerPosition,-0.325835645,-0.286622584,0.390788138,,
11292,,,7/29/2022 16:01,EverydayTaskData,,,RightControllerPosition,0.084625587,0.02071077,0.412644148,,
11389,,,7/29/2022 16:01,EverydayTaskData,,,LeftControllerPosition,-0.325761735,-0.286474884,0.39068982,,
11389,,,7/29/2022 16:01,EverydayTaskData,,,RightControllerPosition,0.093888536,0.025187258,0.411695868,,
11459,,,7/29/2022 16:01,EverydayTaskData,,,LeftControllerPosition,-0.325722516,-0.28647244,0.390721202,,
11459,,,7/29/2022 16:01,EverydayTaskData,,,RightControllerPosition,0.098393142,0.026924664,0.411378622,,
11584,,,7/29/2022 16:01,EverydayTaskData,,,LeftControllerPosition,-0.325486749,-0.286288083,0.390505701,,
11584,,,7/29/2022 16:01,EverydayTaskData,,,RightControllerPosition,0.117508717,0.031783946,0.411292225,,
11672,,,7/29/2022 16:01,EverydayTaskData,,,LeftControllerPosition,-0.325680554,-0.286759615,0.390976787,,
11672,,,7/29/2022 16:01,EverydayTaskData,,,RightControllerPosition,0.128357694,0.035473585,0.410911739,,
11740,,,7/29/2022 16:01,EverydayTaskData,,,LeftControllerPosition,-0.32572031,-0.286859065,0.39093101,,
11740,,,7/29/2022 16:01,EverydayTaskData,,,RightControllerPosition,0.133374855,0.036343466,0.411191314,,
11851,,,7/29/2022 16:01,EverydayTaskData,,,LeftControllerPosition,-0.325595975,-0.287012935,0.390815586,,
11851,,,7/29/2022 16:01,EverydayTaskData,,,RightControllerPosition,0.152491108,0.036237121,0.412594885,,
11952,,,7/29/2022 16:01,EverydayTaskData,,,LeftControllerPosition,-0.325682104,-0.287127882,0.390622169,,
11952,,,7/29/2022 16:01,EverydayTaskData,,,RightControllerPosition,0.164687097,0.037709463,0.412683547,,
12024,,,7/29/2022 16:01,EverydayTaskData,,,LeftControllerPosition,-0.325532436,-0.287100941,0.390487283,,
12024,,,7/29/2022 16:01,EverydayTaskData,,,RightControllerPosition,0.169391558,0.038644202,0.412494957,,
12131,,,7/29/2022 16:01,EverydayTaskData,,,LeftControllerPosition,-0.325472891,-0.286969453,0.390354395,,
12131,,,7/29/2022 16:01,EverydayTaskData,,,RightControllerPosition,0.185955182,0.039232172,0.414956659,,
12231,,,7/29/2022 16:01,EverydayTaskData,,,LeftControllerPosition,-0.325331897,-0.287053734,0.390543938,,
12231,,,7/29/2022 16:01,EverydayTaskData,,,RightControllerPosition,0.195074707,0.04007034,0.416844368,,
12305,,,7/29/2022 16:01,EverydayTaskData,,,LeftControllerPosition,-0.325172424,-0.287156969,0.390704453,,
12305,,,7/29/2022 16:01,EverydayTaskData,,,RightControllerPosition,0.197958112,0.039914589,0.41771695,,
12408,,,7/29/2022 16:01,EverydayTaskData,,,LeftControllerPosition,-0.323971391,-0.287588686,0.391253978,,
12408,,,7/29/2022 16:01,EverydayTaskData,,,RightControllerPosition,0.207506061,0.04047076,0.421006501,,
12510,,,7/29/2022 16:01,EverydayTaskData,,,LeftControllerPosition,-0.323599786,-0.287649393,0.391250581,,
12510,,,7/29/2022 16:01,EverydayTaskData,,,RightControllerPosition,0.212698564,0.039056744,0.424658388,,
12584,,,7/29/2022 16:01,EverydayTaskData,,,LeftControllerPosition,-0.323630661,-0.287710458,0.391249239,,
12584,,,7/29/2022 16:01,EverydayTaskData,,,RightControllerPosition,0.214301333,0.038126282,0.426321954,,
12682,,,7/29/2022 16:01,EverydayTaskData,,,LeftControllerPosition,-0.323491275,-0.287886083,0.391248524,,
12682,,,7/29/2022 16:01,EverydayTaskData,,,RightControllerPosition,0.220012948,0.032855846,0.432532996,,
12778,,,7/29/2022 16:01,EverydayTaskData,,,LeftControllerPosition,-0.323233753,-0.287878156,0.39149943,,
12778,,,7/29/2022 16:01,EverydayTaskData,,,RightControllerPosition,0.222031176,0.027645875,0.437096059,,
12860,,,7/29/2022 16:01,EverydayTaskData,,,LeftControllerPosition,-0.323172927,-0.287834466,0.391554892,,
12860,,,7/29/2022 16:01,EverydayTaskData,,,RightControllerPosition,0.221959725,0.026052341,0.438322127,,
12968,,,7/29/2022 16:01,EverydayTaskData,,,LeftControllerPosition,-0.323290884,-0.287720799,0.391444087,,
12968,,,7/29/2022 16:01,EverydayTaskData,,,RightControllerPosition,0.22573036,0.018677374,0.443904102,,
13051,,,7/29/2022 16:01,EverydayTaskData,,,LeftControllerPosition,-0.323094219,-0.287692577,0.39144659,,
13051,,,7/29/2022 16:01,EverydayTaskData,,,RightControllerPosition,0.227653518,0.017128829,0.444768935,,
13132,,,7/29/2022 16:01,EverydayTaskData,,,LeftControllerPosition,-0.323099703,-0.287600458,0.391467869,,
13132,,,7/29/2022 16:01,EverydayTaskData,,,RightControllerPosition,0.23004058,0.015589638,0.445197135,,
13231,,,7/29/2022 16:01,EverydayTaskData,,,LeftControllerPosition,-0.322631568,-0.287492454,0.391378075,,
13231,,,7/29/2022 16:01,EverydayTaskData,,,RightControllerPosition,0.230877653,0.014736235,0.445167184,,
13329,,,7/29/2022 16:01,EverydayTaskData,,,LeftControllerPosition,-0.322208673,-0.287569404,0.391103715,,
13329,,,7/29/2022 16:01,EverydayTaskData,,,RightControllerPosition,0.2324415,0.009083722,0.44559288,,
13412,,,7/29/2022 16:01,EverydayTaskData,,,LeftControllerPosition,-0.321724653,-0.287744343,0.391231686,,
13412,,,7/29/2022 16:01,EverydayTaskData,,,RightControllerPosition,0.234149694,0.00751377,0.445276082,,
13509,,,7/29/2022 16:01,EverydayTaskData,,,LeftControllerPosition,-0.321932822,-0.287740588,0.391245514,,
13509,,,7/29/2022 16:01,EverydayTaskData,,,RightControllerPosition,0.236307815,0.00677669,0.444798619,,
13607,,,7/29/2022 16:01,EverydayTaskData,,,LeftControllerPosition,-0.321803391,-0.287736744,0.39117977,,
13607,,,7/29/2022 16:01,EverydayTaskData,,,RightControllerPosition,0.237523273,0.006733344,0.444203883,,
13691,,,7/29/2022 16:01,EverydayTaskData,,,LeftControllerPosition,-0.321776778,-0.287630618,0.391222954,,
13691,,,7/29/2022 16:01,EverydayTaskData,,,RightControllerPosition,0.237619922,0.006763923,0.444011748,,
13775,,,7/29/2022 16:01,EverydayTaskData,,,LeftControllerPosition,-0.321673334,-0.287588894,0.391171366,,
13775,,,7/29/2022 16:01,EverydayTaskData,,,RightControllerPosition,0.237538025,0.009663768,0.443493128,,
13875,,,7/29/2022 16:01,EverydayTaskData,,,LeftControllerPosition,-0.321852595,-0.2878353,0.391492456,,
13875,,,7/29/2022 16:01,EverydayTaskData,,,RightControllerPosition,0.238474846,0.011945702,0.443499744,,
13998,,,7/29/2022 16:01,EverydayTaskData,,,LeftControllerPosition,-0.321726948,-0.288124919,0.391598105,,
13998,,,7/29/2022 16:01,EverydayTaskData,,,RightControllerPosition,0.237570882,0.014725624,0.443102092,,
14076,,,7/29/2022 16:01,EverydayTaskData,,,LeftControllerPosition,-0.321690679,-0.288164198,0.391581416,,
14076,,,7/29/2022 16:01,EverydayTaskData,,,RightControllerPosition,0.237473175,0.018673426,0.442265421,,
14169,,,7/29/2022 16:01,EverydayTaskData,,,LeftControllerPosition,-0.321630836,-0.288104028,0.391451865,,
14169,,,7/29/2022 16:01,EverydayTaskData,,,RightControllerPosition,0.237977698,0.021155767,0.44182235,,
14264,,,7/29/2022 16:01,EverydayTaskData,,,LeftControllerPosition,-0.321725845,-0.288001925,0.391318113,,
14264,,,7/29/2022 16:01,EverydayTaskData,,,RightControllerPosition,0.237176538,0.02147622,0.441098034,,
14344,,,7/29/2022 16:01,EverydayTaskData,,,LeftControllerPosition,-0.321810991,-0.287940472,0.391326725,,
14344,,,7/29/2022 16:01,EverydayTaskData,,,RightControllerPosition,0.238443285,0.02312452,0.441259891,,
14429,,,7/29/2022 16:01,EverydayTaskData,,,LeftControllerPosition,-0.321764052,-0.287809372,0.391162664,,
14429,,,7/29/2022 16:01,EverydayTaskData,,,RightControllerPosition,0.238769278,0.022485869,0.441176385,,
14508,,,7/29/2022 16:01,EverydayTaskData,,,LeftControllerPosition,-0.32175225,-0.287722796,0.39110148,,
14508,,,7/29/2022 16:01,EverydayTaskData,,,RightControllerPosition,0.238265678,0.024299977,0.44055894,,
14585,,,7/29/2022 16:01,EverydayTaskData,,,LeftControllerPosition,-0.321584463,-0.287741661,0.39107576,,
14585,,,7/29/2022 16:01,EverydayTaskData,,,RightControllerPosition,0.239654258,0.025562333,0.44017747,,
14656,,,7/29/2022 16:01,EverydayTaskData,,,LeftControllerPosition,-0.321495175,-0.287743092,0.391225904,,
14656,,,7/29/2022 16:01,EverydayTaskData,,,RightControllerPosition,0.240154311,0.027903251,0.439867854,,
14737,,,7/29/2022 16:01,EverydayTaskData,,,LeftControllerPosition,-0.321642458,-0.287750393,0.391317725,,
14737,,,7/29/2022 16:01,EverydayTaskData,,,RightControllerPosition,0.240160599,0.029470436,0.438990206,,
14828,,,7/29/2022 16:01,EverydayTaskData,,,LeftControllerPosition,-0.321715295,-0.287748665,0.391378701,,
14828,,,7/29/2022 16:01,EverydayTaskData,,,RightControllerPosition,0.238601223,0.030615112,0.438221723,,
14921,,,7/29/2022 16:01,EverydayTaskData,,,LeftControllerPosition,-0.321796179,-0.287716776,0.391396016,,
14921,,,7/29/2022 16:01,EverydayTaskData,,,RightControllerPosition,0.236335039,0.029546976,0.438568056,,
15001,,,7/29/2022 16:01,EverydayTaskData,,,LeftControllerPosition,-0.321841955,-0.287725031,0.391458273,,
15001,,,7/29/2022 16:01,EverydayTaskData,,,RightControllerPosition,0.233064368,0.030465871,0.438701808,,
15085,,,7/29/2022 16:01,EverydayTaskData,,,LeftControllerPosition,-0.322094113,-0.287776232,0.391626477,,
15085,,,7/29/2022 16:01,EverydayTaskData,,,RightControllerPosition,0.231308162,0.032257617,0.438755631,,
15166,,,7/29/2022 16:01,EverydayTaskData,,,LeftControllerPosition,-0.322263837,-0.287832856,0.391691089,,
15166,,,7/29/2022 16:01,EverydayTaskData,,,RightControllerPosition,0.227283075,0.033219807,0.438451856,,
15273,,,7/29/2022 16:01,EverydayTaskData,,,LeftControllerPosition,-0.322373986,-0.287944138,0.391760558,,
15273,,,7/29/2022 16:01,EverydayTaskData,,,RightControllerPosition,0.224580809,0.035413835,0.438433558,,
15363,,,7/29/2022 16:01,EverydayTaskData,,,LeftControllerPosition,-0.322361588,-0.287962258,0.391652346,,
15363,,,7/29/2022 16:01,EverydayTaskData,,,RightControllerPosition,0.220624164,0.036682669,0.438589275,,
15433,,,7/29/2022 16:01,EverydayTaskData,,,LeftControllerPosition,-0.322311938,-0.288020581,0.391706914,,
15433,,,7/29/2022 16:01,EverydayTaskData,,,RightControllerPosition,0.216311216,0.036797605,0.439048678,,
15501,,,7/29/2022 16:01,EverydayTaskData,,,LeftControllerPosition,-0.322208464,-0.28793174,0.391584516,,
15501,,,7/29/2022 16:01,EverydayTaskData,,,RightControllerPosition,0.216513574,0.03748671,0.439767718,,
15600,,,7/29/2022 16:01,EverydayTaskData,,,LeftControllerPosition,-0.322296888,-0.287908226,0.391437769,,
15600,,,7/29/2022 16:01,EverydayTaskData,,,RightControllerPosition,0.215467259,0.035979118,0.441652507,,
15682,,,7/29/2022 16:01,EverydayTaskData,,,LeftControllerPosition,-0.322293192,-0.287937373,0.391574621,,
15682,,,7/29/2022 16:01,EverydayTaskData,,,RightControllerPosition,0.213790491,0.03566717,0.442489833,,
15768,,,7/29/2022 16:01,EverydayTaskData,,,LeftControllerPosition,-0.322426975,-0.287823468,0.391542554,,
15768,,,7/29/2022 16:01,EverydayTaskData,,,RightControllerPosition,0.213567689,0.034777094,0.444178134,,
15860,,,7/29/2022 16:01,EverydayTaskData,,,LeftControllerPosition,-0.32241559,-0.28781721,0.391552001,,
15860,,,7/29/2022 16:01,EverydayTaskData,,,RightControllerPosition,0.211506695,0.034287248,0.445982695,,
15927,,,7/29/2022 16:01,EverydayTaskData,,,LeftControllerPosition,-0.322415859,-0.287819684,0.391521573,,
15927,,,7/29/2022 16:01,EverydayTaskData,,,RightControllerPosition,0.209304795,0.03312742,0.446609944,,
16022,,,7/29/2022 16:01,EverydayTaskData,,,LeftControllerPosition,-0.322417617,-0.287766904,0.391490906,,
16022,,,7/29/2022 16:01,EverydayTaskData,,,RightControllerPosition,0.206190571,0.033160027,0.447725624,,
16121,,,7/29/2022 16:01,EverydayTaskData,,,LeftControllerPosition,-0.322347581,-0.287781149,0.391355991,,
16121,,,7/29/2022 16:01,EverydayTaskData,,,RightControllerPosition,0.201505646,0.032192469,0.449266911,,
16205,,,7/29/2022 16:01,EverydayTaskData,,,LeftControllerPosition,-0.322322458,-0.287763745,0.39127779,,
16205,,,7/29/2022 16:01,EverydayTaskData,,,RightControllerPosition,0.197821826,0.032028809,0.450020701,,
16288,,,7/29/2022 16:01,EverydayTaskData,,,LeftControllerPosition,-0.322162807,-0.287742376,0.391282022,,
16288,,,7/29/2022 16:01,EverydayTaskData,,,RightControllerPosition,0.193077609,0.031275012,0.449606657,,
16380,,,7/29/2022 16:01,EverydayTaskData,,,LeftControllerPosition,-0.322156847,-0.287478596,0.391193449,,
16380,,,7/29/2022 16:01,EverydayTaskData,,,RightControllerPosition,0.189849481,0.029950509,0.44939357,,
16437,,,7/29/2022 16:01,EverydayTaskData,,,LeftControllerPosition,-0.321997553,-0.287424535,0.391237676,,
16437,,,7/29/2022 16:01,EverydayTaskData,,,RightControllerPosition,0.189719409,0.02782313,0.449951321,,
16543,,,7/29/2022 16:01,EverydayTaskData,,,LeftControllerPosition,-0.32187888,-0.287194222,0.391296655,,
16543,,,7/29/2022 16:01,EverydayTaskData,,,RightControllerPosition,0.188759968,0.037377805,0.447253466,,
16640,,,7/29/2022 16:01,EverydayTaskData,,,LeftControllerPosition,-0.321680158,-0.287066698,0.391233832,,
16640,,,7/29/2022 16:01,EverydayTaskData,,,RightControllerPosition,0.196147755,0.021855885,0.450982451,,
16721,,,7/29/2022 16:01,EverydayTaskData,,,LeftControllerPosition,-0.321634293,-0.287018269,0.391240537,,
16721,,,7/29/2022 16:01,EverydayTaskData,,,RightControllerPosition,0.189816475,0.038626187,0.44571203,,
16811,,,7/29/2022 16:01,EverydayTaskData,,,LeftControllerPosition,-0.321400523,-0.286998272,0.390832573,,
16811,,,7/29/2022 16:01,EverydayTaskData,,,RightControllerPosition,0.195862621,0.032160938,0.44900763,,
16878,,,7/29/2022 16:01,EverydayTaskData,,,LeftControllerPosition,-0.321343988,-0.287079394,0.39078036,,
16878,,,7/29/2022 16:01,EverydayTaskData,,,RightControllerPosition,0.191956446,0.025791664,0.448205829,,
16950,,,7/29/2022 16:01,EverydayTaskData,,,LeftControllerPosition,-0.321333349,-0.287211508,0.39101395,,
16950,,,7/29/2022 16:01,EverydayTaskData,,,RightControllerPosition,0.186711252,0.047880694,0.441647291,,
17067,,,7/29/2022 16:01,EverydayTaskData,,,LeftControllerPosition,-0.321252346,-0.28736487,0.390625209,,
17067,,,7/29/2022 16:01,EverydayTaskData,,,RightControllerPosition,0.194334045,0.042246796,0.444226146,,
17124,,,7/29/2022 16:01,EverydayTaskData,,,LeftControllerPosition,-0.321297079,-0.287441224,0.390873671,,
17124,,,7/29/2022 16:01,EverydayTaskData,,,RightControllerPosition,0.190057024,0.05234817,0.4397524,,
17218,,,7/29/2022 16:01,EverydayTaskData,,,LeftControllerPosition,-0.321003139,-0.287656903,0.391063035,,
17218,,,7/29/2022 16:01,EverydayTaskData,,,RightControllerPosition,0.200052246,0.032267407,0.445825607,,
17265,,,7/29/2022 16:01,,,,EverydayTaskData,,,,96.82%,12.48331451
17268,Default,1.289999962,7/29/2022 16:01,,TRUE,92704cd1-8079-490a-ac1e-0bb1ed03fbef,EverydayTaskConfig,,,,,
,Default,,7/29/2022 16:03,,,92704cd1-8079-490a-ac1e-0bb1ed03fbef,ApplicationQuit,,,,,
